task,checkpoint,checkpoint_sha256,source_id,init_id,initialization_seed,state,seed,adapt_T,lr,updates,role,engine,id,infer_T,calibration,ce,accuracy,actual_engine,targets,cal_T,cal_seed,batch,split,identity_path,gpu,legacy_id
vision,/root/autodl-tmp/snn0907/direction1_budget_rotation_20260907/results/reconstructed_identity_p0.0/best.pt,3d453ec2677252d88eccd90e665e492c03082209b9584dc2649757f84b5eba63,A_initial,A,12450.0,shared_initial,,,,0,primary,graph,A_initial_e2_raw,2,raw,1.6370486931122374,0.619,graph,10000,,,,,,,
vision,/root/autodl-tmp/snn0907/direction1_budget_rotation_20260907/results/reconstructed_identity_p0.0/best.pt,3d453ec2677252d88eccd90e665e492c03082209b9584dc2649757f84b5eba63,A_initial,A,12450.0,shared_initial,,,,0,primary,graph,A_initial_e4_raw,4,raw,1.3832979446934304,0.6675,graph,10000,,,,,,,
vision,/root/autodl-tmp/snn0907/direction1_budget_rotation_20260907/results/reconstructed_identity_p0.0/best.pt,3d453ec2677252d88eccd90e665e492c03082209b9584dc2649757f84b5eba63,A_initial,A,12450.0,shared_initial,,,,0,primary,graph,A_initial_c2_e2_bn9640,2,bn_cross,1.564602941122558,0.6312,graph,10000,2.0,9640.0,,,,,
vision,/root/autodl-tmp/snn0907/direction1_budget_rotation_20260907/results/reconstructed_identity_p0.0/best.pt,3d453ec2677252d88eccd90e665e492c03082209b9584dc2649757f84b5eba63,A_initial,A,12450.0,shared_initial,,,,0,primary,graph,A_initial_c2_e4_bn9640,4,bn_cross,1.4481051515349186,0.6475,graph,10000,2.0,9640.0,,,,,
vision,/root/autodl-tmp/snn0907/direction1_budget_rotation_20260907/results/reconstructed_identity_p0.0/best.pt,3d453ec2677252d88eccd90e665e492c03082209b9584dc2649757f84b5eba63,A_initial,A,12450.0,shared_initial,,,,0,primary,graph,A_initial_c4_e2_bn9640,2,bn_cross,1.5623596718368586,0.6206,graph,10000,4.0,9640.0,,,,,
vision,/root/autodl-tmp/snn0907/direction1_budget_rotation_20260907/results/reconstructed_identity_p0.0/best.pt,3d453ec2677252d88eccd90e665e492c03082209b9584dc2649757f84b5eba63,A_initial,A,12450.0,shared_initial,,,,0,primary,graph,A_initial_c4_e4_bn9640,4,bn_cross,1.3181072585443967,0.6674,graph,10000,4.0,9640.0,,,,,
vision,/root/autodl-tmp/snn0907/direction1_budget_rotation_20260907/results/reconstructed_identity_p0.0/best.pt,3d453ec2677252d88eccd90e665e492c03082209b9584dc2649757f84b5eba63,A_initial,A,12450.0,shared_initial,,,,0,primary,graph,A_initial_c2_e2_bn9740,2,bn_cross,1.554810531888553,0.6318,graph,10000,2.0,9740.0,,,,,
vision,/root/autodl-tmp/snn0907/direction1_budget_rotation_20260907/results/reconstructed_identity_p0.0/best.pt,3d453ec2677252d88eccd90e665e492c03082209b9584dc2649757f84b5eba63,A_initial,A,12450.0,shared_initial,,,,0,primary,graph,A_initial_c2_e4_bn9740,4,bn_cross,1.44793705761343,0.6493,graph,10000,2.0,9740.0,,,,,
vision,/root/autodl-tmp/snn0907/direction1_budget_rotation_20260907/results/reconstructed_identity_p0.0/best.pt,3d453ec2677252d88eccd90e665e492c03082209b9584dc2649757f84b5eba63,A_initial,A,12450.0,shared_initial,,,,0,primary,graph,A_initial_c4_e2_bn9740,2,bn_cross,1.5409497076130938,0.6284,graph,10000,4.0,9740.0,,,,,
vision,/root/autodl-tmp/snn0907/direction1_budget_rotation_20260907/results/reconstructed_identity_p0.0/best.pt,3d453ec2677252d88eccd90e665e492c03082209b9584dc2649757f84b5eba63,A_initial,A,12450.0,shared_initial,,,,0,primary,graph,A_initial_c4_e4_bn9740,4,bn_cross,1.3079214661131962,0.6732,graph,10000,4.0,9740.0,,,,,
vision,/root/autodl-tmp/snn0907/direction1_budget_rotation_20260907/results/reconstructed_identity_p0.0/best.pt,3d453ec2677252d88eccd90e665e492c03082209b9584dc2649757f84b5eba63,A_initial,A,12450.0,shared_initial,,,,0,primary,graph,A_initial_c2_e2_bn9840,2,bn_cross,1.56066590583059,0.6335,graph,10000,2.0,9840.0,,,,,
vision,/root/autodl-tmp/snn0907/direction1_budget_rotation_20260907/results/reconstructed_identity_p0.0/best.pt,3d453ec2677252d88eccd90e665e492c03082209b9584dc2649757f84b5eba63,A_initial,A,12450.0,shared_initial,,,,0,primary,graph,A_initial_c2_e4_bn9840,4,bn_cross,1.4463183968031779,0.6489,graph,10000,2.0,9840.0,,,,,
vision,/root/autodl-tmp/snn0907/direction1_budget_rotation_20260907/results/reconstructed_identity_p0.0/best.pt,3d453ec2677252d88eccd90e665e492c03082209b9584dc2649757f84b5eba63,A_initial,A,12450.0,shared_initial,,,,0,primary,graph,A_initial_c4_e2_bn9840,2,bn_cross,1.5597401683342178,0.6209,graph,10000,4.0,9840.0,,,,,
vision,/root/autodl-tmp/snn0907/direction1_budget_rotation_20260907/results/reconstructed_identity_p0.0/best.pt,3d453ec2677252d88eccd90e665e492c03082209b9584dc2649757f84b5eba63,A_initial,A,12450.0,shared_initial,,,,0,primary,graph,A_initial_c4_e4_bn9840,4,bn_cross,1.314676659304416,0.6681,graph,10000,4.0,9840.0,,,,,
vision,/root/autodl-tmp/snn_revision_round3/models/formal/s9621_T2_lr2e-05/step512.pt,aeca30d6607c7dbef07e6aa4a6c66fe067cb347d82da050a80fb12a3df0144c1,A_s9621_a2_K512,A,12450.0,adapted,9621.0,2.0,2e-05,512,primary,graph,A_s9621_a2_K512_e2_raw,2,raw,1.4897863062372199,0.6358,graph,10000,,,,,,,
vision,/root/autodl-tmp/snn_revision_round3/models/formal/s9621_T2_lr2e-05/step512.pt,aeca30d6607c7dbef07e6aa4a6c66fe067cb347d82da050a80fb12a3df0144c1,A_s9621_a2_K512,A,12450.0,adapted,9621.0,2.0,2e-05,512,primary,graph,A_s9621_a2_K512_e4_raw,4,raw,1.4098816560571432,0.649,graph,10000,,,,,,,
vision,/root/autodl-tmp/snn_revision_round3/models/formal/s9621_T2_lr2e-05/step512.pt,aeca30d6607c7dbef07e6aa4a6c66fe067cb347d82da050a80fb12a3df0144c1,A_s9621_a2_K512,A,12450.0,adapted,9621.0,2.0,2e-05,512,primary,graph,A_s9621_a2_K512_c2_e2_bn9640,2,bn_cross,1.4123789185879752,0.6487,graph,10000,2.0,9640.0,,,,,
vision,/root/autodl-tmp/snn_revision_round3/models/formal/s9621_T2_lr2e-05/step512.pt,aeca30d6607c7dbef07e6aa4a6c66fe067cb347d82da050a80fb12a3df0144c1,A_s9621_a2_K512,A,12450.0,adapted,9621.0,2.0,2e-05,512,primary,graph,A_s9621_a2_K512_c4_e4_bn9640,4,bn_cross,1.2803707470398222,0.6653,graph,10000,4.0,9640.0,,,,,
vision,/root/autodl-tmp/snn_revision_round3/models/formal/s9621_T2_lr2e-05/step1024.pt,93a6d6bab8fd1224f5f2e1afea508cfbfa5c7c27130297ac268b639d65a0dc93,A_s9621_a2_K1024,A,12450.0,adapted,9621.0,2.0,2e-05,1024,primary,graph,A_s9621_a2_K1024_e2_raw,2,raw,1.4727872005666607,0.6386,graph,10000,,,,,,,
vision,/root/autodl-tmp/snn_revision_round3/models/formal/s9621_T2_lr2e-05/step1024.pt,93a6d6bab8fd1224f5f2e1afea508cfbfa5c7c27130297ac268b639d65a0dc93,A_s9621_a2_K1024,A,12450.0,adapted,9621.0,2.0,2e-05,1024,primary,graph,A_s9621_a2_K1024_e4_raw,4,raw,1.393289347213239,0.6513,graph,10000,,,,,,,
vision,/root/autodl-tmp/snn_revision_round3/models/formal/s9621_T2_lr2e-05/step1024.pt,93a6d6bab8fd1224f5f2e1afea508cfbfa5c7c27130297ac268b639d65a0dc93,A_s9621_a2_K1024,A,12450.0,adapted,9621.0,2.0,2e-05,1024,primary,graph,A_s9621_a2_K1024_c2_e2_bn9640,2,bn_cross,1.4099340088968282,0.6427,graph,10000,2.0,9640.0,,,,,
vision,/root/autodl-tmp/snn_revision_round3/models/formal/s9621_T2_lr2e-05/step1024.pt,93a6d6bab8fd1224f5f2e1afea508cfbfa5c7c27130297ac268b639d65a0dc93,A_s9621_a2_K1024,A,12450.0,adapted,9621.0,2.0,2e-05,1024,primary,graph,A_s9621_a2_K1024_c4_e4_bn9640,4,bn_cross,1.285330761302053,0.6619,graph,10000,4.0,9640.0,,,,,
vision,/root/autodl-tmp/snn_revision_round3/models/formal/s9621_T2_lr2e-05/step2048.pt,1abf8baf50282852fb0c8f56ddb4cd1fe48e18f9a37d333ac75519c576c569e5,A_s9621_a2_K2048,A,12450.0,adapted,9621.0,2.0,2e-05,2048,primary,graph,A_s9621_a2_K2048_e2_raw,2,raw,1.4865548161927145,0.6422,graph,10000,,,,,,,
vision,/root/autodl-tmp/snn_revision_round3/models/formal/s9621_T2_lr2e-05/step2048.pt,1abf8baf50282852fb0c8f56ddb4cd1fe48e18f9a37d333ac75519c576c569e5,A_s9621_a2_K2048,A,12450.0,adapted,9621.0,2.0,2e-05,2048,primary,graph,A_s9621_a2_K2048_e4_raw,4,raw,1.4048373350508279,0.654,graph,10000,,,,,,,
vision,/root/autodl-tmp/snn_revision_round3/models/formal/s9621_T2_lr2e-05/step2048.pt,1abf8baf50282852fb0c8f56ddb4cd1fe48e18f9a37d333ac75519c576c569e5,A_s9621_a2_K2048,A,12450.0,adapted,9621.0,2.0,2e-05,2048,primary,graph,A_s9621_a2_K2048_c2_e2_bn9640,2,bn_cross,1.3870781679054722,0.6519,graph,10000,2.0,9640.0,,,,,
vision,/root/autodl-tmp/snn_revision_round3/models/formal/s9621_T2_lr2e-05/step2048.pt,1abf8baf50282852fb0c8f56ddb4cd1fe48e18f9a37d333ac75519c576c569e5,A_s9621_a2_K2048,A,12450.0,adapted,9621.0,2.0,2e-05,2048,primary,graph,A_s9621_a2_K2048_c2_e4_bn9640,4,bn_cross,1.309885523746052,0.6623,graph,10000,2.0,9640.0,,,,,
vision,/root/autodl-tmp/snn_revision_round3/models/formal/s9621_T2_lr2e-05/step2048.pt,1abf8baf50282852fb0c8f56ddb4cd1fe48e18f9a37d333ac75519c576c569e5,A_s9621_a2_K2048,A,12450.0,adapted,9621.0,2.0,2e-05,2048,primary,graph,A_s9621_a2_K2048_c4_e2_bn9640,2,bn_cross,1.4624965502519975,0.6319,graph,10000,4.0,9640.0,,,,,
vision,/root/autodl-tmp/snn_revision_round3/models/formal/s9621_T2_lr2e-05/step2048.pt,1abf8baf50282852fb0c8f56ddb4cd1fe48e18f9a37d333ac75519c576c569e5,A_s9621_a2_K2048,A,12450.0,adapted,9621.0,2.0,2e-05,2048,primary,graph,A_s9621_a2_K2048_c4_e4_bn9640,4,bn_cross,1.2933560370124295,0.6607,graph,10000,4.0,9640.0,,,,,
vision,/root/autodl-tmp/snn_revision_round3/models/formal/s9621_T2_lr2e-05/step2048.pt,1abf8baf50282852fb0c8f56ddb4cd1fe48e18f9a37d333ac75519c576c569e5,A_s9621_a2_K2048,A,12450.0,adapted,9621.0,2.0,2e-05,2048,primary,graph,A_s9621_a2_K2048_c2_e2_bn9740,2,bn_cross,1.3911278493671562,0.6508,graph,10000,2.0,9740.0,,,,,
vision,/root/autodl-tmp/snn_revision_round3/models/formal/s9621_T2_lr2e-05/step2048.pt,1abf8baf50282852fb0c8f56ddb4cd1fe48e18f9a37d333ac75519c576c569e5,A_s9621_a2_K2048,A,12450.0,adapted,9621.0,2.0,2e-05,2048,primary,graph,A_s9621_a2_K2048_c2_e4_bn9740,4,bn_cross,1.3198480160620674,0.6616,graph,10000,2.0,9740.0,,,,,
vision,/root/autodl-tmp/snn_revision_round3/models/formal/s9621_T2_lr2e-05/step2048.pt,1abf8baf50282852fb0c8f56ddb4cd1fe48e18f9a37d333ac75519c576c569e5,A_s9621_a2_K2048,A,12450.0,adapted,9621.0,2.0,2e-05,2048,primary,graph,A_s9621_a2_K2048_c4_e2_bn9740,2,bn_cross,1.4550584959941917,0.6362,graph,10000,4.0,9740.0,,,,,
vision,/root/autodl-tmp/snn_revision_round3/models/formal/s9621_T2_lr2e-05/step2048.pt,1abf8baf50282852fb0c8f56ddb4cd1fe48e18f9a37d333ac75519c576c569e5,A_s9621_a2_K2048,A,12450.0,adapted,9621.0,2.0,2e-05,2048,primary,graph,A_s9621_a2_K2048_c4_e4_bn9740,4,bn_cross,1.2918549824641115,0.6612,graph,10000,4.0,9740.0,,,,,
vision,/root/autodl-tmp/snn_revision_round3/models/formal/s9621_T2_lr2e-05/step2048.pt,1abf8baf50282852fb0c8f56ddb4cd1fe48e18f9a37d333ac75519c576c569e5,A_s9621_a2_K2048,A,12450.0,adapted,9621.0,2.0,2e-05,2048,primary,graph,A_s9621_a2_K2048_c2_e2_bn9840,2,bn_cross,1.3925066508061252,0.6508,graph,10000,2.0,9840.0,,,,,
vision,/root/autodl-tmp/snn_revision_round3/models/formal/s9621_T2_lr2e-05/step2048.pt,1abf8baf50282852fb0c8f56ddb4cd1fe48e18f9a37d333ac75519c576c569e5,A_s9621_a2_K2048,A,12450.0,adapted,9621.0,2.0,2e-05,2048,primary,graph,A_s9621_a2_K2048_c2_e4_bn9840,4,bn_cross,1.318629526069248,0.6585,graph,10000,2.0,9840.0,,,,,
vision,/root/autodl-tmp/snn_revision_round3/models/formal/s9621_T2_lr2e-05/step2048.pt,1abf8baf50282852fb0c8f56ddb4cd1fe48e18f9a37d333ac75519c576c569e5,A_s9621_a2_K2048,A,12450.0,adapted,9621.0,2.0,2e-05,2048,primary,graph,A_s9621_a2_K2048_c4_e2_bn9840,2,bn_cross,1.458136319663166,0.6356,graph,10000,4.0,9840.0,,,,,
vision,/root/autodl-tmp/snn_revision_round3/models/formal/s9621_T2_lr2e-05/step2048.pt,1abf8baf50282852fb0c8f56ddb4cd1fe48e18f9a37d333ac75519c576c569e5,A_s9621_a2_K2048,A,12450.0,adapted,9621.0,2.0,2e-05,2048,primary,graph,A_s9621_a2_K2048_c4_e4_bn9840,4,bn_cross,1.2927676180440584,0.6595,graph,10000,4.0,9840.0,,,,,
vision,/root/autodl-tmp/snn_revision_round3/models/formal/s9621_T4_lr2e-05/step512.pt,0eff7e4b92dc83cd7fbb75ebb62deafc80c91505e1f1d69cad1ee052dfaf3888,A_s9621_a4_K512,A,12450.0,adapted,9621.0,4.0,2e-05,512,primary,graph,A_s9621_a4_K512_e2_raw,2,raw,1.631406554058753,0.6196,graph,10000,,,,,,,
vision,/root/autodl-tmp/snn_revision_round3/models/formal/s9621_T4_lr2e-05/step512.pt,0eff7e4b92dc83cd7fbb75ebb62deafc80c91505e1f1d69cad1ee052dfaf3888,A_s9621_a4_K512,A,12450.0,adapted,9621.0,4.0,2e-05,512,primary,graph,A_s9621_a4_K512_e4_raw,4,raw,1.392698463629617,0.6617,graph,10000,,,,,,,
vision,/root/autodl-tmp/snn_revision_round3/models/formal/s9621_T4_lr2e-05/step512.pt,0eff7e4b92dc83cd7fbb75ebb62deafc80c91505e1f1d69cad1ee052dfaf3888,A_s9621_a4_K512,A,12450.0,adapted,9621.0,4.0,2e-05,512,primary,graph,A_s9621_a4_K512_c2_e2_bn9640,2,bn_cross,1.5679175748030656,0.6323,graph,10000,2.0,9640.0,,,,,
vision,/root/autodl-tmp/snn_revision_round3/models/formal/s9621_T4_lr2e-05/step512.pt,0eff7e4b92dc83cd7fbb75ebb62deafc80c91505e1f1d69cad1ee052dfaf3888,A_s9621_a4_K512,A,12450.0,adapted,9621.0,4.0,2e-05,512,primary,graph,A_s9621_a4_K512_c4_e4_bn9640,4,bn_cross,1.3142091567477212,0.6675,graph,10000,4.0,9640.0,,,,,
vision,/root/autodl-tmp/snn_revision_round3/models/formal/s9621_T4_lr2e-05/step1024.pt,cdf5fe26032b9cce77f365907006642d32a8493f39e8af836c87eb2a04d96780,A_s9621_a4_K1024,A,12450.0,adapted,9621.0,4.0,2e-05,1024,primary,graph,A_s9621_a4_K1024_e2_raw,2,raw,1.6381470872174948,0.6194,graph,10000,,,,,,,
vision,/root/autodl-tmp/snn_revision_round3/models/formal/s9621_T4_lr2e-05/step1024.pt,cdf5fe26032b9cce77f365907006642d32a8493f39e8af836c87eb2a04d96780,A_s9621_a4_K1024,A,12450.0,adapted,9621.0,4.0,2e-05,1024,primary,graph,A_s9621_a4_K1024_e4_raw,4,raw,1.394752905939496,0.665,graph,10000,,,,,,,
vision,/root/autodl-tmp/snn_revision_round3/models/formal/s9621_T4_lr2e-05/step1024.pt,cdf5fe26032b9cce77f365907006642d32a8493f39e8af836c87eb2a04d96780,A_s9621_a4_K1024,A,12450.0,adapted,9621.0,4.0,2e-05,1024,primary,graph,A_s9621_a4_K1024_c2_e2_bn9640,2,bn_cross,1.568393117465591,0.6306,graph,10000,2.0,9640.0,,,,,
vision,/root/autodl-tmp/snn_revision_round3/models/formal/s9621_T4_lr2e-05/step1024.pt,cdf5fe26032b9cce77f365907006642d32a8493f39e8af836c87eb2a04d96780,A_s9621_a4_K1024,A,12450.0,adapted,9621.0,4.0,2e-05,1024,primary,graph,A_s9621_a4_K1024_c4_e4_bn9640,4,bn_cross,1.3158276390619577,0.6674,graph,10000,4.0,9640.0,,,,,
vision,/root/autodl-tmp/snn_revision_round3/models/formal/s9621_T4_lr2e-05/step2048.pt,c6fc56154a783e61b8636951e95cb8124dad3debb97a307616d2707b2f426d82,A_s9621_a4_K2048,A,12450.0,adapted,9621.0,4.0,2e-05,2048,primary,graph,A_s9621_a4_K2048_e2_raw,2,raw,1.6443669022630434,0.6201,graph,10000,,,,,,,
vision,/root/autodl-tmp/snn_revision_round3/models/formal/s9621_T4_lr2e-05/step2048.pt,c6fc56154a783e61b8636951e95cb8124dad3debb97a307616d2707b2f426d82,A_s9621_a4_K2048,A,12450.0,adapted,9621.0,4.0,2e-05,2048,primary,graph,A_s9621_a4_K2048_e4_raw,4,raw,1.4048584391193697,0.6653,graph,10000,,,,,,,
vision,/root/autodl-tmp/snn_revision_round3/models/formal/s9621_T4_lr2e-05/step2048.pt,c6fc56154a783e61b8636951e95cb8124dad3debb97a307616d2707b2f426d82,A_s9621_a4_K2048,A,12450.0,adapted,9621.0,4.0,2e-05,2048,primary,graph,A_s9621_a4_K2048_c2_e2_bn9640,2,bn_cross,1.5694839522327761,0.6279,graph,10000,2.0,9640.0,,,,,
vision,/root/autodl-tmp/snn_revision_round3/models/formal/s9621_T4_lr2e-05/step2048.pt,c6fc56154a783e61b8636951e95cb8124dad3debb97a307616d2707b2f426d82,A_s9621_a4_K2048,A,12450.0,adapted,9621.0,4.0,2e-05,2048,primary,graph,A_s9621_a4_K2048_c2_e4_bn9640,4,bn_cross,1.444347945400304,0.6533,graph,10000,2.0,9640.0,,,,,
vision,/root/autodl-tmp/snn_revision_round3/models/formal/s9621_T4_lr2e-05/step2048.pt,c6fc56154a783e61b8636951e95cb8124dad3debb97a307616d2707b2f426d82,A_s9621_a4_K2048,A,12450.0,adapted,9621.0,4.0,2e-05,2048,primary,graph,A_s9621_a4_K2048_c4_e2_bn9640,2,bn_cross,1.5512352166379801,0.6266,graph,10000,4.0,9640.0,,,,,
vision,/root/autodl-tmp/snn_revision_round3/models/formal/s9621_T4_lr2e-05/step2048.pt,c6fc56154a783e61b8636951e95cb8124dad3debb97a307616d2707b2f426d82,A_s9621_a4_K2048,A,12450.0,adapted,9621.0,4.0,2e-05,2048,primary,graph,A_s9621_a4_K2048_c4_e4_bn9640,4,bn_cross,1.3144019310187898,0.6736,graph,10000,4.0,9640.0,,,,,
vision,/root/autodl-tmp/snn_revision_round3/models/formal/s9621_T4_lr2e-05/step2048.pt,c6fc56154a783e61b8636951e95cb8124dad3debb97a307616d2707b2f426d82,A_s9621_a4_K2048,A,12450.0,adapted,9621.0,4.0,2e-05,2048,primary,graph,A_s9621_a4_K2048_c2_e2_bn9740,2,bn_cross,1.5624991476737429,0.6335,graph,10000,2.0,9740.0,,,,,
vision,/root/autodl-tmp/snn_revision_round3/models/formal/s9621_T4_lr2e-05/step2048.pt,c6fc56154a783e61b8636951e95cb8124dad3debb97a307616d2707b2f426d82,A_s9621_a4_K2048,A,12450.0,adapted,9621.0,4.0,2e-05,2048,primary,graph,A_s9621_a4_K2048_c2_e4_bn9740,4,bn_cross,1.4487580352322431,0.6487,graph,10000,2.0,9740.0,,,,,
vision,/root/autodl-tmp/snn_revision_round3/models/formal/s9621_T4_lr2e-05/step2048.pt,c6fc56154a783e61b8636951e95cb8124dad3debb97a307616d2707b2f426d82,A_s9621_a4_K2048,A,12450.0,adapted,9621.0,4.0,2e-05,2048,primary,graph,A_s9621_a4_K2048_c4_e2_bn9740,2,bn_cross,1.5407897117990301,0.6275,graph,10000,4.0,9740.0,,,,,
vision,/root/autodl-tmp/snn_revision_round3/models/formal/s9621_T4_lr2e-05/step2048.pt,c6fc56154a783e61b8636951e95cb8124dad3debb97a307616d2707b2f426d82,A_s9621_a4_K2048,A,12450.0,adapted,9621.0,4.0,2e-05,2048,primary,graph,A_s9621_a4_K2048_c4_e4_bn9740,4,bn_cross,1.3112339927312568,0.6731,graph,10000,4.0,9740.0,,,,,
vision,/root/autodl-tmp/snn_revision_round3/models/formal/s9621_T4_lr2e-05/step2048.pt,c6fc56154a783e61b8636951e95cb8124dad3debb97a307616d2707b2f426d82,A_s9621_a4_K2048,A,12450.0,adapted,9621.0,4.0,2e-05,2048,primary,graph,A_s9621_a4_K2048_c2_e2_bn9840,2,bn_cross,1.5613244294699282,0.6333,graph,10000,2.0,9840.0,,,,,
vision,/root/autodl-tmp/snn_revision_round3/models/formal/s9621_T4_lr2e-05/step2048.pt,c6fc56154a783e61b8636951e95cb8124dad3debb97a307616d2707b2f426d82,A_s9621_a4_K2048,A,12450.0,adapted,9621.0,4.0,2e-05,2048,primary,graph,A_s9621_a4_K2048_c2_e4_bn9840,4,bn_cross,1.4459322311730125,0.6517,graph,10000,2.0,9840.0,,,,,
vision,/root/autodl-tmp/snn_revision_round3/models/formal/s9621_T4_lr2e-05/step2048.pt,c6fc56154a783e61b8636951e95cb8124dad3debb97a307616d2707b2f426d82,A_s9621_a4_K2048,A,12450.0,adapted,9621.0,4.0,2e-05,2048,primary,graph,A_s9621_a4_K2048_c4_e2_bn9840,2,bn_cross,1.5476652263736819,0.6252,graph,10000,4.0,9840.0,,,,,
vision,/root/autodl-tmp/snn_revision_round3/models/formal/s9621_T4_lr2e-05/step2048.pt,c6fc56154a783e61b8636951e95cb8124dad3debb97a307616d2707b2f426d82,A_s9621_a4_K2048,A,12450.0,adapted,9621.0,4.0,2e-05,2048,primary,graph,A_s9621_a4_K2048_c4_e4_bn9840,4,bn_cross,1.31207924520066,0.6712,graph,10000,4.0,9840.0,,,,,
vision,/root/autodl-tmp/snn_revision_round3/models/formal/s9622_T2_lr2e-05/step512.pt,7f354e108d1eba5c245ddc6803a7593aaff246f04c4d3b09be9113ec5b54c408,A_s9622_a2_K512,A,12450.0,adapted,9622.0,2.0,2e-05,512,primary,graph,A_s9622_a2_K512_e2_raw,2,raw,1.5124756047475618,0.6361,graph,10000,,,,,,,
vision,/root/autodl-tmp/snn_revision_round3/models/formal/s9622_T2_lr2e-05/step512.pt,7f354e108d1eba5c245ddc6803a7593aaff246f04c4d3b09be9113ec5b54c408,A_s9622_a2_K512,A,12450.0,adapted,9622.0,2.0,2e-05,512,primary,graph,A_s9622_a2_K512_e4_raw,4,raw,1.4329822124487022,0.6437,graph,10000,,,,,,,
vision,/root/autodl-tmp/snn_revision_round3/models/formal/s9622_T2_lr2e-05/step512.pt,7f354e108d1eba5c245ddc6803a7593aaff246f04c4d3b09be9113ec5b54c408,A_s9622_a2_K512,A,12450.0,adapted,9622.0,2.0,2e-05,512,primary,graph,A_s9622_a2_K512_c2_e2_bn9640,2,bn_cross,1.4171836989307893,0.6443,graph,10000,2.0,9640.0,,,,,
vision,/root/autodl-tmp/snn_revision_round3/models/formal/s9622_T2_lr2e-05/step512.pt,7f354e108d1eba5c245ddc6803a7593aaff246f04c4d3b09be9113ec5b54c408,A_s9622_a2_K512,A,12450.0,adapted,9622.0,2.0,2e-05,512,primary,graph,A_s9622_a2_K512_c4_e4_bn9640,4,bn_cross,1.2908238894306532,0.664,graph,10000,4.0,9640.0,,,,,
vision,/root/autodl-tmp/snn_revision_round3/models/formal/s9622_T2_lr2e-05/step1024.pt,540cbe2ef82dd2a169c6d257ea060636dfb6f54ac9da9fe61c5f9be20a8ef01f,A_s9622_a2_K1024,A,12450.0,adapted,9622.0,2.0,2e-05,1024,primary,graph,A_s9622_a2_K1024_e2_raw,2,raw,1.4907254922003077,0.6335,graph,10000,,,,,,,
vision,/root/autodl-tmp/snn_revision_round3/models/formal/s9622_T2_lr2e-05/step1024.pt,540cbe2ef82dd2a169c6d257ea060636dfb6f54ac9da9fe61c5f9be20a8ef01f,A_s9622_a2_K1024,A,12450.0,adapted,9622.0,2.0,2e-05,1024,primary,graph,A_s9622_a2_K1024_e4_raw,4,raw,1.4164085978684715,0.6447,graph,10000,,,,,,,
vision,/root/autodl-tmp/snn_revision_round3/models/formal/s9622_T2_lr2e-05/step1024.pt,540cbe2ef82dd2a169c6d257ea060636dfb6f54ac9da9fe61c5f9be20a8ef01f,A_s9622_a2_K1024,A,12450.0,adapted,9622.0,2.0,2e-05,1024,primary,graph,A_s9622_a2_K1024_c2_e2_bn9640,2,bn_cross,1.4118772191809257,0.6472,graph,10000,2.0,9640.0,,,,,
vision,/root/autodl-tmp/snn_revision_round3/models/formal/s9622_T2_lr2e-05/step1024.pt,540cbe2ef82dd2a169c6d257ea060636dfb6f54ac9da9fe61c5f9be20a8ef01f,A_s9622_a2_K1024,A,12450.0,adapted,9622.0,2.0,2e-05,1024,primary,graph,A_s9622_a2_K1024_c4_e4_bn9640,4,bn_cross,1.2937137509198045,0.6652,graph,10000,4.0,9640.0,,,,,
vision,/root/autodl-tmp/snn_revision_round3/models/formal/s9622_T2_lr2e-05/step2048.pt,f713eef48e98c372aefaae67322c5ab8b726969fecf086852c0ee8fc1c5ea645,A_s9622_a2_K2048,A,12450.0,adapted,9622.0,2.0,2e-05,2048,primary,graph,A_s9622_a2_K2048_e2_raw,2,raw,1.4950303302354877,0.644,graph,10000,,,,,,,
vision,/root/autodl-tmp/snn_revision_round3/models/formal/s9622_T2_lr2e-05/step2048.pt,f713eef48e98c372aefaae67322c5ab8b726969fecf086852c0ee8fc1c5ea645,A_s9622_a2_K2048,A,12450.0,adapted,9622.0,2.0,2e-05,2048,primary,graph,A_s9622_a2_K2048_e4_raw,4,raw,1.4127521727229468,0.6483,graph,10000,,,,,,,
vision,/root/autodl-tmp/snn_revision_round3/models/formal/s9622_T2_lr2e-05/step2048.pt,f713eef48e98c372aefaae67322c5ab8b726969fecf086852c0ee8fc1c5ea645,A_s9622_a2_K2048,A,12450.0,adapted,9622.0,2.0,2e-05,2048,primary,graph,A_s9622_a2_K2048_c2_e2_bn9640,2,bn_cross,1.398505127434223,0.6528,graph,10000,2.0,9640.0,,,,,
vision,/root/autodl-tmp/snn_revision_round3/models/formal/s9622_T2_lr2e-05/step2048.pt,f713eef48e98c372aefaae67322c5ab8b726969fecf086852c0ee8fc1c5ea645,A_s9622_a2_K2048,A,12450.0,adapted,9622.0,2.0,2e-05,2048,primary,graph,A_s9622_a2_K2048_c2_e4_bn9640,4,bn_cross,1.3227613769464428,0.6608,graph,10000,2.0,9640.0,,,,,
vision,/root/autodl-tmp/snn_revision_round3/models/formal/s9622_T2_lr2e-05/step2048.pt,f713eef48e98c372aefaae67322c5ab8b726969fecf086852c0ee8fc1c5ea645,A_s9622_a2_K2048,A,12450.0,adapted,9622.0,2.0,2e-05,2048,primary,graph,A_s9622_a2_K2048_c4_e2_bn9640,2,bn_cross,1.4530256648567157,0.6425,graph,10000,4.0,9640.0,,,,,
vision,/root/autodl-tmp/snn_revision_round3/models/formal/s9622_T2_lr2e-05/step2048.pt,f713eef48e98c372aefaae67322c5ab8b726969fecf086852c0ee8fc1c5ea645,A_s9622_a2_K2048,A,12450.0,adapted,9622.0,2.0,2e-05,2048,primary,graph,A_s9622_a2_K2048_c4_e4_bn9640,4,bn_cross,1.2924639684092951,0.6659,graph,10000,4.0,9640.0,,,,,
vision,/root/autodl-tmp/snn_revision_round3/models/formal/s9622_T2_lr2e-05/step2048.pt,f713eef48e98c372aefaae67322c5ab8b726969fecf086852c0ee8fc1c5ea645,A_s9622_a2_K2048,A,12450.0,adapted,9622.0,2.0,2e-05,2048,primary,graph,A_s9622_a2_K2048_c2_e2_bn9740,2,bn_cross,1.3914490470427439,0.6506,graph,10000,2.0,9740.0,,,,,
vision,/root/autodl-tmp/snn_revision_round3/models/formal/s9622_T2_lr2e-05/step2048.pt,f713eef48e98c372aefaae67322c5ab8b726969fecf086852c0ee8fc1c5ea645,A_s9622_a2_K2048,A,12450.0,adapted,9622.0,2.0,2e-05,2048,primary,graph,A_s9622_a2_K2048_c2_e4_bn9740,4,bn_cross,1.3247231359208351,0.6609,graph,10000,2.0,9740.0,,,,,
vision,/root/autodl-tmp/snn_revision_round3/models/formal/s9622_T2_lr2e-05/step2048.pt,f713eef48e98c372aefaae67322c5ab8b726969fecf086852c0ee8fc1c5ea645,A_s9622_a2_K2048,A,12450.0,adapted,9622.0,2.0,2e-05,2048,primary,graph,A_s9622_a2_K2048_c4_e2_bn9740,2,bn_cross,1.450632329384936,0.6348,graph,10000,4.0,9740.0,,,,,
vision,/root/autodl-tmp/snn_revision_round3/models/formal/s9622_T2_lr2e-05/step2048.pt,f713eef48e98c372aefaae67322c5ab8b726969fecf086852c0ee8fc1c5ea645,A_s9622_a2_K2048,A,12450.0,adapted,9622.0,2.0,2e-05,2048,primary,graph,A_s9622_a2_K2048_c4_e4_bn9740,4,bn_cross,1.2997883668846508,0.6609,graph,10000,4.0,9740.0,,,,,
vision,/root/autodl-tmp/snn_revision_round3/models/formal/s9622_T2_lr2e-05/step2048.pt,f713eef48e98c372aefaae67322c5ab8b726969fecf086852c0ee8fc1c5ea645,A_s9622_a2_K2048,A,12450.0,adapted,9622.0,2.0,2e-05,2048,primary,graph,A_s9622_a2_K2048_c2_e2_bn9840,2,bn_cross,1.3928516826577602,0.6527,graph,10000,2.0,9840.0,,,,,
vision,/root/autodl-tmp/snn_revision_round3/models/formal/s9622_T2_lr2e-05/step2048.pt,f713eef48e98c372aefaae67322c5ab8b726969fecf086852c0ee8fc1c5ea645,A_s9622_a2_K2048,A,12450.0,adapted,9622.0,2.0,2e-05,2048,primary,graph,A_s9622_a2_K2048_c2_e4_bn9840,4,bn_cross,1.3174074712595611,0.662,graph,10000,2.0,9840.0,,,,,
vision,/root/autodl-tmp/snn_revision_round3/models/formal/s9622_T2_lr2e-05/step2048.pt,f713eef48e98c372aefaae67322c5ab8b726969fecf086852c0ee8fc1c5ea645,A_s9622_a2_K2048,A,12450.0,adapted,9622.0,2.0,2e-05,2048,primary,graph,A_s9622_a2_K2048_c4_e2_bn9840,2,bn_cross,1.4550936283882707,0.6378,graph,10000,4.0,9840.0,,,,,
vision,/root/autodl-tmp/snn_revision_round3/models/formal/s9622_T2_lr2e-05/step2048.pt,f713eef48e98c372aefaae67322c5ab8b726969fecf086852c0ee8fc1c5ea645,A_s9622_a2_K2048,A,12450.0,adapted,9622.0,2.0,2e-05,2048,primary,graph,A_s9622_a2_K2048_c4_e4_bn9840,4,bn_cross,1.2933204911035776,0.6662,graph,10000,4.0,9840.0,,,,,
vision,/root/autodl-tmp/snn_revision_round3/models/formal/s9622_T4_lr2e-05/step512.pt,02ce586c52e1bc86a5a63dd6f67d9252efff242f067c720358a0aad37a2d131d,A_s9622_a4_K512,A,12450.0,adapted,9622.0,4.0,2e-05,512,primary,graph,A_s9622_a4_K512_e2_raw,2,raw,1.6695595144382211,0.613,graph,10000,,,,,,,
vision,/root/autodl-tmp/snn_revision_round3/models/formal/s9622_T4_lr2e-05/step512.pt,02ce586c52e1bc86a5a63dd6f67d9252efff242f067c720358a0aad37a2d131d,A_s9622_a4_K512,A,12450.0,adapted,9622.0,4.0,2e-05,512,primary,graph,A_s9622_a4_K512_e4_raw,4,raw,1.4190118862671777,0.6626,graph,10000,,,,,,,
vision,/root/autodl-tmp/snn_revision_round3/models/formal/s9622_T4_lr2e-05/step512.pt,02ce586c52e1bc86a5a63dd6f67d9252efff242f067c720358a0aad37a2d131d,A_s9622_a4_K512,A,12450.0,adapted,9622.0,4.0,2e-05,512,primary,graph,A_s9622_a4_K512_c2_e2_bn9640,2,bn_cross,1.5900393694682047,0.625,graph,10000,2.0,9640.0,,,,,
vision,/root/autodl-tmp/snn_revision_round3/models/formal/s9622_T4_lr2e-05/step512.pt,02ce586c52e1bc86a5a63dd6f67d9252efff242f067c720358a0aad37a2d131d,A_s9622_a4_K512,A,12450.0,adapted,9622.0,4.0,2e-05,512,primary,graph,A_s9622_a4_K512_c4_e4_bn9640,4,bn_cross,1.322840717236139,0.6708,graph,10000,4.0,9640.0,,,,,
vision,/root/autodl-tmp/snn_revision_round3/models/formal/s9622_T4_lr2e-05/step1024.pt,4108d0c5f24915381f027be319d03236bcc27e25f3bcba85532220bdd98fa414,A_s9622_a4_K1024,A,12450.0,adapted,9622.0,4.0,2e-05,1024,primary,graph,A_s9622_a4_K1024_e2_raw,2,raw,1.6571087052109652,0.6192,graph,10000,,,,,,,
vision,/root/autodl-tmp/snn_revision_round3/models/formal/s9622_T4_lr2e-05/step1024.pt,4108d0c5f24915381f027be319d03236bcc27e25f3bcba85532220bdd98fa414,A_s9622_a4_K1024,A,12450.0,adapted,9622.0,4.0,2e-05,1024,primary,graph,A_s9622_a4_K1024_e4_raw,4,raw,1.4068947831299854,0.6648,graph,10000,,,,,,,
vision,/root/autodl-tmp/snn_revision_round3/models/formal/s9622_T4_lr2e-05/step1024.pt,4108d0c5f24915381f027be319d03236bcc27e25f3bcba85532220bdd98fa414,A_s9622_a4_K1024,A,12450.0,adapted,9622.0,4.0,2e-05,1024,primary,graph,A_s9622_a4_K1024_c2_e2_bn9640,2,bn_cross,1.575732104020333,0.6315,graph,10000,2.0,9640.0,,,,,
vision,/root/autodl-tmp/snn_revision_round3/models/formal/s9622_T4_lr2e-05/step1024.pt,4108d0c5f24915381f027be319d03236bcc27e25f3bcba85532220bdd98fa414,A_s9622_a4_K1024,A,12450.0,adapted,9622.0,4.0,2e-05,1024,primary,graph,A_s9622_a4_K1024_c4_e4_bn9640,4,bn_cross,1.3176156861073571,0.6716,graph,10000,4.0,9640.0,,,,,
vision,/root/autodl-tmp/snn_revision_round3/models/formal/s9622_T4_lr2e-05/step2048.pt,b4d41c9929a940305a18a8ff144b13a25b520d22226e357ae8dd7da7974324d4,A_s9622_a4_K2048,A,12450.0,adapted,9622.0,4.0,2e-05,2048,primary,graph,A_s9622_a4_K2048_e2_raw,2,raw,1.6478392876013181,0.6202,graph,10000,,,,,,,
vision,/root/autodl-tmp/snn_revision_round3/models/formal/s9622_T4_lr2e-05/step2048.pt,b4d41c9929a940305a18a8ff144b13a25b520d22226e357ae8dd7da7974324d4,A_s9622_a4_K2048,A,12450.0,adapted,9622.0,4.0,2e-05,2048,primary,graph,A_s9622_a4_K2048_e4_raw,4,raw,1.406595487620635,0.6675,graph,10000,,,,,,,
vision,/root/autodl-tmp/snn_revision_round3/models/formal/s9622_T4_lr2e-05/step2048.pt,b4d41c9929a940305a18a8ff144b13a25b520d22226e357ae8dd7da7974324d4,A_s9622_a4_K2048,A,12450.0,adapted,9622.0,4.0,2e-05,2048,primary,graph,A_s9622_a4_K2048_c2_e2_bn9640,2,bn_cross,1.5548883865498937,0.6326,graph,10000,2.0,9640.0,,,,,
vision,/root/autodl-tmp/snn_revision_round3/models/formal/s9622_T4_lr2e-05/step2048.pt,b4d41c9929a940305a18a8ff144b13a25b520d22226e357ae8dd7da7974324d4,A_s9622_a4_K2048,A,12450.0,adapted,9622.0,4.0,2e-05,2048,primary,graph,A_s9622_a4_K2048_c2_e4_bn9640,4,bn_cross,1.4336201804460027,0.6537,graph,10000,2.0,9640.0,,,,,
vision,/root/autodl-tmp/snn_revision_round3/models/formal/s9622_T4_lr2e-05/step2048.pt,b4d41c9929a940305a18a8ff144b13a25b520d22226e357ae8dd7da7974324d4,A_s9622_a4_K2048,A,12450.0,adapted,9622.0,4.0,2e-05,2048,primary,graph,A_s9622_a4_K2048_c4_e2_bn9640,2,bn_cross,1.5383068762001582,0.6289,graph,10000,4.0,9640.0,,,,,
vision,/root/autodl-tmp/snn_revision_round3/models/formal/s9622_T4_lr2e-05/step2048.pt,b4d41c9929a940305a18a8ff144b13a25b520d22226e357ae8dd7da7974324d4,A_s9622_a4_K2048,A,12450.0,adapted,9622.0,4.0,2e-05,2048,primary,graph,A_s9622_a4_K2048_c4_e4_bn9640,4,bn_cross,1.3039480238419026,0.6715,graph,10000,4.0,9640.0,,,,,
vision,/root/autodl-tmp/snn_revision_round3/models/formal/s9622_T4_lr2e-05/step2048.pt,b4d41c9929a940305a18a8ff144b13a25b520d22226e357ae8dd7da7974324d4,A_s9622_a4_K2048,A,12450.0,adapted,9622.0,4.0,2e-05,2048,primary,graph,A_s9622_a4_K2048_c2_e2_bn9740,2,bn_cross,1.5519733121927362,0.6321,graph,10000,2.0,9740.0,,,,,
vision,/root/autodl-tmp/snn_revision_round3/models/formal/s9622_T4_lr2e-05/step2048.pt,b4d41c9929a940305a18a8ff144b13a25b520d22226e357ae8dd7da7974324d4,A_s9622_a4_K2048,A,12450.0,adapted,9622.0,4.0,2e-05,2048,primary,graph,A_s9622_a4_K2048_c2_e4_bn9740,4,bn_cross,1.4403301329155684,0.6497,graph,10000,2.0,9740.0,,,,,
vision,/root/autodl-tmp/snn_revision_round3/models/formal/s9622_T4_lr2e-05/step2048.pt,b4d41c9929a940305a18a8ff144b13a25b520d22226e357ae8dd7da7974324d4,A_s9622_a4_K2048,A,12450.0,adapted,9622.0,4.0,2e-05,2048,primary,graph,A_s9622_a4_K2048_c4_e2_bn9740,2,bn_cross,1.5271719067486003,0.6336,graph,10000,4.0,9740.0,,,,,
vision,/root/autodl-tmp/snn_revision_round3/models/formal/s9622_T4_lr2e-05/step2048.pt,b4d41c9929a940305a18a8ff144b13a25b520d22226e357ae8dd7da7974324d4,A_s9622_a4_K2048,A,12450.0,adapted,9622.0,4.0,2e-05,2048,primary,graph,A_s9622_a4_K2048_c4_e4_bn9740,4,bn_cross,1.3035621240497102,0.6764,graph,10000,4.0,9740.0,,,,,
vision,/root/autodl-tmp/snn_revision_round3/models/formal/s9622_T4_lr2e-05/step2048.pt,b4d41c9929a940305a18a8ff144b13a25b520d22226e357ae8dd7da7974324d4,A_s9622_a4_K2048,A,12450.0,adapted,9622.0,4.0,2e-05,2048,primary,graph,A_s9622_a4_K2048_c2_e2_bn9840,2,bn_cross,1.5573703262330032,0.6352,graph,10000,2.0,9840.0,,,,,
vision,/root/autodl-tmp/snn_revision_round3/models/formal/s9622_T4_lr2e-05/step2048.pt,b4d41c9929a940305a18a8ff144b13a25b520d22226e357ae8dd7da7974324d4,A_s9622_a4_K2048,A,12450.0,adapted,9622.0,4.0,2e-05,2048,primary,graph,A_s9622_a4_K2048_c2_e4_bn9840,4,bn_cross,1.4380260236519156,0.653,graph,10000,2.0,9840.0,,,,,
vision,/root/autodl-tmp/snn_revision_round3/models/formal/s9622_T4_lr2e-05/step2048.pt,b4d41c9929a940305a18a8ff144b13a25b520d22226e357ae8dd7da7974324d4,A_s9622_a4_K2048,A,12450.0,adapted,9622.0,4.0,2e-05,2048,primary,graph,A_s9622_a4_K2048_c4_e2_bn9840,2,bn_cross,1.5330019853929988,0.6351,graph,10000,4.0,9840.0,,,,,
vision,/root/autodl-tmp/snn_revision_round3/models/formal/s9622_T4_lr2e-05/step2048.pt,b4d41c9929a940305a18a8ff144b13a25b520d22226e357ae8dd7da7974324d4,A_s9622_a4_K2048,A,12450.0,adapted,9622.0,4.0,2e-05,2048,primary,graph,A_s9622_a4_K2048_c4_e4_bn9840,4,bn_cross,1.3035804233255097,0.674,graph,10000,4.0,9840.0,,,,,
vision,/root/autodl-tmp/snn_revision_round3/models/formal/s9623_T2_lr2e-05/step512.pt,dcd0deeb54173e8ae422f532145707cdc8afe7fc164897ece9ee9b5dc07784ae,A_s9623_a2_K512,A,12450.0,adapted,9623.0,2.0,2e-05,512,primary,graph,A_s9623_a2_K512_e2_raw,2,raw,1.5498137660784648,0.6305,graph,10000,,,,,,,
vision,/root/autodl-tmp/snn_revision_round3/models/formal/s9623_T2_lr2e-05/step512.pt,dcd0deeb54173e8ae422f532145707cdc8afe7fc164897ece9ee9b5dc07784ae,A_s9623_a2_K512,A,12450.0,adapted,9623.0,2.0,2e-05,512,primary,graph,A_s9623_a2_K512_e4_raw,4,raw,1.4853057001914713,0.6396,graph,10000,,,,,,,
vision,/root/autodl-tmp/snn_revision_round3/models/formal/s9623_T2_lr2e-05/step512.pt,dcd0deeb54173e8ae422f532145707cdc8afe7fc164897ece9ee9b5dc07784ae,A_s9623_a2_K512,A,12450.0,adapted,9623.0,2.0,2e-05,512,primary,graph,A_s9623_a2_K512_c2_e2_bn9640,2,bn_cross,1.4378129704160383,0.6414,graph,10000,2.0,9640.0,,,,,
vision,/root/autodl-tmp/snn_revision_round3/models/formal/s9623_T2_lr2e-05/step512.pt,dcd0deeb54173e8ae422f532145707cdc8afe7fc164897ece9ee9b5dc07784ae,A_s9623_a2_K512,A,12450.0,adapted,9623.0,2.0,2e-05,512,primary,graph,A_s9623_a2_K512_c4_e4_bn9640,4,bn_cross,1.2906019001703535,0.6632,graph,10000,4.0,9640.0,,,,,
vision,/root/autodl-tmp/snn_revision_round3/models/formal/s9623_T2_lr2e-05/step1024.pt,6103b5e9debbf35d2d561e482e2cc508a7e1ce997211ef73cdaded8d1b8b73e0,A_s9623_a2_K1024,A,12450.0,adapted,9623.0,2.0,2e-05,1024,primary,graph,A_s9623_a2_K1024_e2_raw,2,raw,1.4579428363117157,0.6419,graph,10000,,,,,,,
vision,/root/autodl-tmp/snn_revision_round3/models/formal/s9623_T2_lr2e-05/step1024.pt,6103b5e9debbf35d2d561e482e2cc508a7e1ce997211ef73cdaded8d1b8b73e0,A_s9623_a2_K1024,A,12450.0,adapted,9623.0,2.0,2e-05,1024,primary,graph,A_s9623_a2_K1024_e4_raw,4,raw,1.3890531384686358,0.6502,graph,10000,,,,,,,
vision,/root/autodl-tmp/snn_revision_round3/models/formal/s9623_T2_lr2e-05/step1024.pt,6103b5e9debbf35d2d561e482e2cc508a7e1ce997211ef73cdaded8d1b8b73e0,A_s9623_a2_K1024,A,12450.0,adapted,9623.0,2.0,2e-05,1024,primary,graph,A_s9623_a2_K1024_c2_e2_bn9640,2,bn_cross,1.4069862269171747,0.6405,graph,10000,2.0,9640.0,,,,,
vision,/root/autodl-tmp/snn_revision_round3/models/formal/s9623_T2_lr2e-05/step1024.pt,6103b5e9debbf35d2d561e482e2cc508a7e1ce997211ef73cdaded8d1b8b73e0,A_s9623_a2_K1024,A,12450.0,adapted,9623.0,2.0,2e-05,1024,primary,graph,A_s9623_a2_K1024_c4_e4_bn9640,4,bn_cross,1.2846478813229245,0.6631,graph,10000,4.0,9640.0,,,,,
vision,/root/autodl-tmp/snn_revision_round3/models/formal/s9623_T2_lr2e-05/step2048.pt,1f6b1db4bb62ec4f064e5b8cdf05ca413f02636778ee34afa416faf307ff4ea7,A_s9623_a2_K2048,A,12450.0,adapted,9623.0,2.0,2e-05,2048,primary,graph,A_s9623_a2_K2048_e2_raw,2,raw,1.455045891254465,0.6478,graph,10000,,,,,,,
vision,/root/autodl-tmp/snn_revision_round3/models/formal/s9623_T2_lr2e-05/step2048.pt,1f6b1db4bb62ec4f064e5b8cdf05ca413f02636778ee34afa416faf307ff4ea7,A_s9623_a2_K2048,A,12450.0,adapted,9623.0,2.0,2e-05,2048,primary,graph,A_s9623_a2_K2048_e4_raw,4,raw,1.3785666014350486,0.6557,graph,10000,,,,,,,
vision,/root/autodl-tmp/snn_revision_round3/models/formal/s9623_T2_lr2e-05/step2048.pt,1f6b1db4bb62ec4f064e5b8cdf05ca413f02636778ee34afa416faf307ff4ea7,A_s9623_a2_K2048,A,12450.0,adapted,9623.0,2.0,2e-05,2048,primary,graph,A_s9623_a2_K2048_c2_e2_bn9640,2,bn_cross,1.3945401990313082,0.6491,graph,10000,2.0,9640.0,,,,,
vision,/root/autodl-tmp/snn_revision_round3/models/formal/s9623_T2_lr2e-05/step2048.pt,1f6b1db4bb62ec4f064e5b8cdf05ca413f02636778ee34afa416faf307ff4ea7,A_s9623_a2_K2048,A,12450.0,adapted,9623.0,2.0,2e-05,2048,primary,graph,A_s9623_a2_K2048_c2_e4_bn9640,4,bn_cross,1.3151976665853697,0.664,graph,10000,2.0,9640.0,,,,,
vision,/root/autodl-tmp/snn_revision_round3/models/formal/s9623_T2_lr2e-05/step2048.pt,1f6b1db4bb62ec4f064e5b8cdf05ca413f02636778ee34afa416faf307ff4ea7,A_s9623_a2_K2048,A,12450.0,adapted,9623.0,2.0,2e-05,2048,primary,graph,A_s9623_a2_K2048_c4_e2_bn9640,2,bn_cross,1.4519675513875903,0.6424,graph,10000,4.0,9640.0,,,,,
vision,/root/autodl-tmp/snn_revision_round3/models/formal/s9623_T2_lr2e-05/step2048.pt,1f6b1db4bb62ec4f064e5b8cdf05ca413f02636778ee34afa416faf307ff4ea7,A_s9623_a2_K2048,A,12450.0,adapted,9623.0,2.0,2e-05,2048,primary,graph,A_s9623_a2_K2048_c4_e4_bn9640,4,bn_cross,1.2884155617911979,0.6686,graph,10000,4.0,9640.0,,,,,
vision,/root/autodl-tmp/snn_revision_round3/models/formal/s9623_T2_lr2e-05/step2048.pt,1f6b1db4bb62ec4f064e5b8cdf05ca413f02636778ee34afa416faf307ff4ea7,A_s9623_a2_K2048,A,12450.0,adapted,9623.0,2.0,2e-05,2048,primary,graph,A_s9623_a2_K2048_c2_e2_bn9740,2,bn_cross,1.3889844152675477,0.6526,graph,10000,2.0,9740.0,,,,,
vision,/root/autodl-tmp/snn_revision_round3/models/formal/s9623_T2_lr2e-05/step2048.pt,1f6b1db4bb62ec4f064e5b8cdf05ca413f02636778ee34afa416faf307ff4ea7,A_s9623_a2_K2048,A,12450.0,adapted,9623.0,2.0,2e-05,2048,primary,graph,A_s9623_a2_K2048_c2_e4_bn9740,4,bn_cross,1.3248058439423533,0.6563,graph,10000,2.0,9740.0,,,,,
vision,/root/autodl-tmp/snn_revision_round3/models/formal/s9623_T2_lr2e-05/step2048.pt,1f6b1db4bb62ec4f064e5b8cdf05ca413f02636778ee34afa416faf307ff4ea7,A_s9623_a2_K2048,A,12450.0,adapted,9623.0,2.0,2e-05,2048,primary,graph,A_s9623_a2_K2048_c4_e2_bn9740,2,bn_cross,1.446382120272983,0.6369,graph,10000,4.0,9740.0,,,,,
vision,/root/autodl-tmp/snn_revision_round3/models/formal/s9623_T2_lr2e-05/step2048.pt,1f6b1db4bb62ec4f064e5b8cdf05ca413f02636778ee34afa416faf307ff4ea7,A_s9623_a2_K2048,A,12450.0,adapted,9623.0,2.0,2e-05,2048,primary,graph,A_s9623_a2_K2048_c4_e4_bn9740,4,bn_cross,1.2926019691655413,0.6637,graph,10000,4.0,9740.0,,,,,
vision,/root/autodl-tmp/snn_revision_round3/models/formal/s9623_T2_lr2e-05/step2048.pt,1f6b1db4bb62ec4f064e5b8cdf05ca413f02636778ee34afa416faf307ff4ea7,A_s9623_a2_K2048,A,12450.0,adapted,9623.0,2.0,2e-05,2048,primary,graph,A_s9623_a2_K2048_c2_e2_bn9840,2,bn_cross,1.3947116685067886,0.6531,graph,10000,2.0,9840.0,,,,,
vision,/root/autodl-tmp/snn_revision_round3/models/formal/s9623_T2_lr2e-05/step2048.pt,1f6b1db4bb62ec4f064e5b8cdf05ca413f02636778ee34afa416faf307ff4ea7,A_s9623_a2_K2048,A,12450.0,adapted,9623.0,2.0,2e-05,2048,primary,graph,A_s9623_a2_K2048_c2_e4_bn9840,4,bn_cross,1.3201445502262765,0.6612,graph,10000,2.0,9840.0,,,,,
vision,/root/autodl-tmp/snn_revision_round3/models/formal/s9623_T2_lr2e-05/step2048.pt,1f6b1db4bb62ec4f064e5b8cdf05ca413f02636778ee34afa416faf307ff4ea7,A_s9623_a2_K2048,A,12450.0,adapted,9623.0,2.0,2e-05,2048,primary,graph,A_s9623_a2_K2048_c4_e2_bn9840,2,bn_cross,1.4502294901762507,0.6397,graph,10000,4.0,9840.0,,,,,
vision,/root/autodl-tmp/snn_revision_round3/models/formal/s9623_T2_lr2e-05/step2048.pt,1f6b1db4bb62ec4f064e5b8cdf05ca413f02636778ee34afa416faf307ff4ea7,A_s9623_a2_K2048,A,12450.0,adapted,9623.0,2.0,2e-05,2048,primary,graph,A_s9623_a2_K2048_c4_e4_bn9840,4,bn_cross,1.2912971058300915,0.6663,graph,10000,4.0,9840.0,,,,,
vision,/root/autodl-tmp/snn_revision_round3/models/formal/s9623_T4_lr2e-05/step512.pt,b03ff10cd319cfd84928537f0043649b66cc261177489534afd4070f9fd6f531,A_s9623_a4_K512,A,12450.0,adapted,9623.0,4.0,2e-05,512,primary,graph,A_s9623_a4_K512_e2_raw,2,raw,1.7038142438461072,0.6108,graph,10000,,,,,,,
vision,/root/autodl-tmp/snn_revision_round3/models/formal/s9623_T4_lr2e-05/step512.pt,b03ff10cd319cfd84928537f0043649b66cc261177489534afd4070f9fd6f531,A_s9623_a4_K512,A,12450.0,adapted,9623.0,4.0,2e-05,512,primary,graph,A_s9623_a4_K512_e4_raw,4,raw,1.4523200051866938,0.6575,graph,10000,,,,,,,
vision,/root/autodl-tmp/snn_revision_round3/models/formal/s9623_T4_lr2e-05/step512.pt,b03ff10cd319cfd84928537f0043649b66cc261177489534afd4070f9fd6f531,A_s9623_a4_K512,A,12450.0,adapted,9623.0,4.0,2e-05,512,primary,graph,A_s9623_a4_K512_c2_e2_bn9640,2,bn_cross,1.5843911304441747,0.6325,graph,10000,2.0,9640.0,,,,,
vision,/root/autodl-tmp/snn_revision_round3/models/formal/s9623_T4_lr2e-05/step512.pt,b03ff10cd319cfd84928537f0043649b66cc261177489534afd4070f9fd6f531,A_s9623_a4_K512,A,12450.0,adapted,9623.0,4.0,2e-05,512,primary,graph,A_s9623_a4_K512_c4_e4_bn9640,4,bn_cross,1.3281459646118223,0.6674,graph,10000,4.0,9640.0,,,,,
vision,/root/autodl-tmp/snn_revision_round3/models/formal/s9623_T4_lr2e-05/step1024.pt,0cf86e1c5da0e5598b707d1d5b66acc26bc375351c9db81dfed22506f30f2afa,A_s9623_a4_K1024,A,12450.0,adapted,9623.0,4.0,2e-05,1024,primary,graph,A_s9623_a4_K1024_e2_raw,2,raw,1.6092149530274793,0.6245,graph,10000,,,,,,,
vision,/root/autodl-tmp/snn_revision_round3/models/formal/s9623_T4_lr2e-05/step1024.pt,0cf86e1c5da0e5598b707d1d5b66acc26bc375351c9db81dfed22506f30f2afa,A_s9623_a4_K1024,A,12450.0,adapted,9623.0,4.0,2e-05,1024,primary,graph,A_s9623_a4_K1024_e4_raw,4,raw,1.3758733758212998,0.6661,graph,10000,,,,,,,
vision,/root/autodl-tmp/snn_revision_round3/models/formal/s9623_T4_lr2e-05/step1024.pt,0cf86e1c5da0e5598b707d1d5b66acc26bc375351c9db81dfed22506f30f2afa,A_s9623_a4_K1024,A,12450.0,adapted,9623.0,4.0,2e-05,1024,primary,graph,A_s9623_a4_K1024_c2_e2_bn9640,2,bn_cross,1.5757157283974346,0.6305,graph,10000,2.0,9640.0,,,,,
vision,/root/autodl-tmp/snn_revision_round3/models/formal/s9623_T4_lr2e-05/step1024.pt,0cf86e1c5da0e5598b707d1d5b66acc26bc375351c9db81dfed22506f30f2afa,A_s9623_a4_K1024,A,12450.0,adapted,9623.0,4.0,2e-05,1024,primary,graph,A_s9623_a4_K1024_c4_e4_bn9640,4,bn_cross,1.3142873533773236,0.6709,graph,10000,4.0,9640.0,,,,,
vision,/root/autodl-tmp/snn_revision_round3/models/formal/s9623_T4_lr2e-05/step2048.pt,9d3624232ebb599402b76291b58b9ff67f9c11fe8f7c2f8288478119c069d157,A_s9623_a4_K2048,A,12450.0,adapted,9623.0,4.0,2e-05,2048,primary,graph,A_s9623_a4_K2048_e2_raw,2,raw,1.5909839911530725,0.6222,graph,10000,,,,,,,
vision,/root/autodl-tmp/snn_revision_round3/models/formal/s9623_T4_lr2e-05/step2048.pt,9d3624232ebb599402b76291b58b9ff67f9c11fe8f7c2f8288478119c069d157,A_s9623_a4_K2048,A,12450.0,adapted,9623.0,4.0,2e-05,2048,primary,graph,A_s9623_a4_K2048_e4_raw,4,raw,1.3608354207520315,0.6724,graph,10000,,,,,,,
vision,/root/autodl-tmp/snn_revision_round3/models/formal/s9623_T4_lr2e-05/step2048.pt,9d3624232ebb599402b76291b58b9ff67f9c11fe8f7c2f8288478119c069d157,A_s9623_a4_K2048,A,12450.0,adapted,9623.0,4.0,2e-05,2048,primary,graph,A_s9623_a4_K2048_c2_e2_bn9640,2,bn_cross,1.5535385526084806,0.6394,graph,10000,2.0,9640.0,,,,,
vision,/root/autodl-tmp/snn_revision_round3/models/formal/s9623_T4_lr2e-05/step2048.pt,9d3624232ebb599402b76291b58b9ff67f9c11fe8f7c2f8288478119c069d157,A_s9623_a4_K2048,A,12450.0,adapted,9623.0,4.0,2e-05,2048,primary,graph,A_s9623_a4_K2048_c2_e4_bn9640,4,bn_cross,1.434529790818179,0.6552,graph,10000,2.0,9640.0,,,,,
vision,/root/autodl-tmp/snn_revision_round3/models/formal/s9623_T4_lr2e-05/step2048.pt,9d3624232ebb599402b76291b58b9ff67f9c11fe8f7c2f8288478119c069d157,A_s9623_a4_K2048,A,12450.0,adapted,9623.0,4.0,2e-05,2048,primary,graph,A_s9623_a4_K2048_c4_e2_bn9640,2,bn_cross,1.540196301526716,0.6291,graph,10000,4.0,9640.0,,,,,
vision,/root/autodl-tmp/snn_revision_round3/models/formal/s9623_T4_lr2e-05/step2048.pt,9d3624232ebb599402b76291b58b9ff67f9c11fe8f7c2f8288478119c069d157,A_s9623_a4_K2048,A,12450.0,adapted,9623.0,4.0,2e-05,2048,primary,graph,A_s9623_a4_K2048_c4_e4_bn9640,4,bn_cross,1.307710681524314,0.6717,graph,10000,4.0,9640.0,,,,,
vision,/root/autodl-tmp/snn_revision_round3/models/formal/s9623_T4_lr2e-05/step2048.pt,9d3624232ebb599402b76291b58b9ff67f9c11fe8f7c2f8288478119c069d157,A_s9623_a4_K2048,A,12450.0,adapted,9623.0,4.0,2e-05,2048,primary,graph,A_s9623_a4_K2048_c2_e2_bn9740,2,bn_cross,1.5539398601467953,0.6337,graph,10000,2.0,9740.0,,,,,
vision,/root/autodl-tmp/snn_revision_round3/models/formal/s9623_T4_lr2e-05/step2048.pt,9d3624232ebb599402b76291b58b9ff67f9c11fe8f7c2f8288478119c069d157,A_s9623_a4_K2048,A,12450.0,adapted,9623.0,4.0,2e-05,2048,primary,graph,A_s9623_a4_K2048_c2_e4_bn9740,4,bn_cross,1.4412692116146442,0.6544,graph,10000,2.0,9740.0,,,,,
vision,/root/autodl-tmp/snn_revision_round3/models/formal/s9623_T4_lr2e-05/step2048.pt,9d3624232ebb599402b76291b58b9ff67f9c11fe8f7c2f8288478119c069d157,A_s9623_a4_K2048,A,12450.0,adapted,9623.0,4.0,2e-05,2048,primary,graph,A_s9623_a4_K2048_c4_e2_bn9740,2,bn_cross,1.5352853431875817,0.6324,graph,10000,4.0,9740.0,,,,,
vision,/root/autodl-tmp/snn_revision_round3/models/formal/s9623_T4_lr2e-05/step2048.pt,9d3624232ebb599402b76291b58b9ff67f9c11fe8f7c2f8288478119c069d157,A_s9623_a4_K2048,A,12450.0,adapted,9623.0,4.0,2e-05,2048,primary,graph,A_s9623_a4_K2048_c4_e4_bn9740,4,bn_cross,1.3043907881678838,0.6734,graph,10000,4.0,9740.0,,,,,
vision,/root/autodl-tmp/snn_revision_round3/models/formal/s9623_T4_lr2e-05/step2048.pt,9d3624232ebb599402b76291b58b9ff67f9c11fe8f7c2f8288478119c069d157,A_s9623_a4_K2048,A,12450.0,adapted,9623.0,4.0,2e-05,2048,primary,graph,A_s9623_a4_K2048_c2_e2_bn9840,2,bn_cross,1.5545300206603947,0.6369,graph,10000,2.0,9840.0,,,,,
vision,/root/autodl-tmp/snn_revision_round3/models/formal/s9623_T4_lr2e-05/step2048.pt,9d3624232ebb599402b76291b58b9ff67f9c11fe8f7c2f8288478119c069d157,A_s9623_a4_K2048,A,12450.0,adapted,9623.0,4.0,2e-05,2048,primary,graph,A_s9623_a4_K2048_c2_e4_bn9840,4,bn_cross,1.4352421848564292,0.6551,graph,10000,2.0,9840.0,,,,,
vision,/root/autodl-tmp/snn_revision_round3/models/formal/s9623_T4_lr2e-05/step2048.pt,9d3624232ebb599402b76291b58b9ff67f9c11fe8f7c2f8288478119c069d157,A_s9623_a4_K2048,A,12450.0,adapted,9623.0,4.0,2e-05,2048,primary,graph,A_s9623_a4_K2048_c4_e2_bn9840,2,bn_cross,1.5377367704547942,0.6305,graph,10000,4.0,9840.0,,,,,
vision,/root/autodl-tmp/snn_revision_round3/models/formal/s9623_T4_lr2e-05/step2048.pt,9d3624232ebb599402b76291b58b9ff67f9c11fe8f7c2f8288478119c069d157,A_s9623_a4_K2048,A,12450.0,adapted,9623.0,4.0,2e-05,2048,primary,graph,A_s9623_a4_K2048_c4_e4_bn9840,4,bn_cross,1.2997999032252003,0.6754,graph,10000,4.0,9840.0,,,,,
vision,/root/autodl-tmp/snn_revision_round3/models/formal/s9624_T2_lr2e-05/step512.pt,c1095693aee3bd676fff62c93332cf1348334231d550a187f728e88b9a9e90f6,A_s9624_a2_K512,A,12450.0,adapted,9624.0,2.0,2e-05,512,primary,graph,A_s9624_a2_K512_e2_raw,2,raw,1.5147548453800845,0.6345,graph,10000,,,,,,,
vision,/root/autodl-tmp/snn_revision_round3/models/formal/s9624_T2_lr2e-05/step512.pt,c1095693aee3bd676fff62c93332cf1348334231d550a187f728e88b9a9e90f6,A_s9624_a2_K512,A,12450.0,adapted,9624.0,2.0,2e-05,512,primary,graph,A_s9624_a2_K512_e4_raw,4,raw,1.4374788518104296,0.6436,graph,10000,,,,,,,
vision,/root/autodl-tmp/snn_revision_round3/models/formal/s9624_T2_lr2e-05/step512.pt,c1095693aee3bd676fff62c93332cf1348334231d550a187f728e88b9a9e90f6,A_s9624_a2_K512,A,12450.0,adapted,9624.0,2.0,2e-05,512,primary,graph,A_s9624_a2_K512_c2_e2_bn9640,2,bn_cross,1.4221663581245811,0.6513,graph,10000,2.0,9640.0,,,,,
vision,/root/autodl-tmp/snn_revision_round3/models/formal/s9624_T2_lr2e-05/step512.pt,c1095693aee3bd676fff62c93332cf1348334231d550a187f728e88b9a9e90f6,A_s9624_a2_K512,A,12450.0,adapted,9624.0,2.0,2e-05,512,primary,graph,A_s9624_a2_K512_c4_e4_bn9640,4,bn_cross,1.2881503839692974,0.6637,graph,10000,4.0,9640.0,,,,,
vision,/root/autodl-tmp/snn_revision_round3/models/formal/s9624_T2_lr2e-05/step1024.pt,f2186f9d6376ecaadf52605fa72319985f51a65f40b2fe01304c15f0a070944f,A_s9624_a2_K1024,A,12450.0,adapted,9624.0,2.0,2e-05,1024,primary,graph,A_s9624_a2_K1024_e2_raw,2,raw,1.4624100444696377,0.6448,graph,10000,,,,,,,
vision,/root/autodl-tmp/snn_revision_round3/models/formal/s9624_T2_lr2e-05/step1024.pt,f2186f9d6376ecaadf52605fa72319985f51a65f40b2fe01304c15f0a070944f,A_s9624_a2_K1024,A,12450.0,adapted,9624.0,2.0,2e-05,1024,primary,graph,A_s9624_a2_K1024_e4_raw,4,raw,1.3962399274088442,0.6488,graph,10000,,,,,,,
vision,/root/autodl-tmp/snn_revision_round3/models/formal/s9624_T2_lr2e-05/step1024.pt,f2186f9d6376ecaadf52605fa72319985f51a65f40b2fe01304c15f0a070944f,A_s9624_a2_K1024,A,12450.0,adapted,9624.0,2.0,2e-05,1024,primary,graph,A_s9624_a2_K1024_c2_e2_bn9640,2,bn_cross,1.3982852950859814,0.6525,graph,10000,2.0,9640.0,,,,,
vision,/root/autodl-tmp/snn_revision_round3/models/formal/s9624_T2_lr2e-05/step1024.pt,f2186f9d6376ecaadf52605fa72319985f51a65f40b2fe01304c15f0a070944f,A_s9624_a2_K1024,A,12450.0,adapted,9624.0,2.0,2e-05,1024,primary,graph,A_s9624_a2_K1024_c4_e4_bn9640,4,bn_cross,1.2860680377548939,0.6629,graph,10000,4.0,9640.0,,,,,
vision,/root/autodl-tmp/snn_revision_round3/models/formal/s9624_T2_lr2e-05/step2048.pt,29359e707cd12deca58ffb266e327211e4b17ed53ecf0979eeb93a7698cb297b,A_s9624_a2_K2048,A,12450.0,adapted,9624.0,2.0,2e-05,2048,primary,graph,A_s9624_a2_K2048_e2_raw,2,raw,1.4636053234715247,0.6457,graph,10000,,,,,,,
vision,/root/autodl-tmp/snn_revision_round3/models/formal/s9624_T2_lr2e-05/step2048.pt,29359e707cd12deca58ffb266e327211e4b17ed53ecf0979eeb93a7698cb297b,A_s9624_a2_K2048,A,12450.0,adapted,9624.0,2.0,2e-05,2048,primary,graph,A_s9624_a2_K2048_e4_raw,4,raw,1.3816140737294975,0.6557,graph,10000,,,,,,,
vision,/root/autodl-tmp/snn_revision_round3/models/formal/s9624_T2_lr2e-05/step2048.pt,29359e707cd12deca58ffb266e327211e4b17ed53ecf0979eeb93a7698cb297b,A_s9624_a2_K2048,A,12450.0,adapted,9624.0,2.0,2e-05,2048,primary,graph,A_s9624_a2_K2048_c2_e2_bn9640,2,bn_cross,1.3824860316721839,0.6512,graph,10000,2.0,9640.0,,,,,
vision,/root/autodl-tmp/snn_revision_round3/models/formal/s9624_T2_lr2e-05/step2048.pt,29359e707cd12deca58ffb266e327211e4b17ed53ecf0979eeb93a7698cb297b,A_s9624_a2_K2048,A,12450.0,adapted,9624.0,2.0,2e-05,2048,primary,graph,A_s9624_a2_K2048_c2_e4_bn9640,4,bn_cross,1.3077792524732823,0.6641,graph,10000,2.0,9640.0,,,,,
vision,/root/autodl-tmp/snn_revision_round3/models/formal/s9624_T2_lr2e-05/step2048.pt,29359e707cd12deca58ffb266e327211e4b17ed53ecf0979eeb93a7698cb297b,A_s9624_a2_K2048,A,12450.0,adapted,9624.0,2.0,2e-05,2048,primary,graph,A_s9624_a2_K2048_c4_e2_bn9640,2,bn_cross,1.4491660747899906,0.6357,graph,10000,4.0,9640.0,,,,,
vision,/root/autodl-tmp/snn_revision_round3/models/formal/s9624_T2_lr2e-05/step2048.pt,29359e707cd12deca58ffb266e327211e4b17ed53ecf0979eeb93a7698cb297b,A_s9624_a2_K2048,A,12450.0,adapted,9624.0,2.0,2e-05,2048,primary,graph,A_s9624_a2_K2048_c4_e4_bn9640,4,bn_cross,1.2856738130222627,0.6643,graph,10000,4.0,9640.0,,,,,
vision,/root/autodl-tmp/snn_revision_round3/models/formal/s9624_T2_lr2e-05/step2048.pt,29359e707cd12deca58ffb266e327211e4b17ed53ecf0979eeb93a7698cb297b,A_s9624_a2_K2048,A,12450.0,adapted,9624.0,2.0,2e-05,2048,primary,graph,A_s9624_a2_K2048_c2_e2_bn9740,2,bn_cross,1.3888656960427528,0.6476,graph,10000,2.0,9740.0,,,,,
vision,/root/autodl-tmp/snn_revision_round3/models/formal/s9624_T2_lr2e-05/step2048.pt,29359e707cd12deca58ffb266e327211e4b17ed53ecf0979eeb93a7698cb297b,A_s9624_a2_K2048,A,12450.0,adapted,9624.0,2.0,2e-05,2048,primary,graph,A_s9624_a2_K2048_c2_e4_bn9740,4,bn_cross,1.31783115413622,0.6601,graph,10000,2.0,9740.0,,,,,
vision,/root/autodl-tmp/snn_revision_round3/models/formal/s9624_T2_lr2e-05/step2048.pt,29359e707cd12deca58ffb266e327211e4b17ed53ecf0979eeb93a7698cb297b,A_s9624_a2_K2048,A,12450.0,adapted,9624.0,2.0,2e-05,2048,primary,graph,A_s9624_a2_K2048_c4_e2_bn9740,2,bn_cross,1.4372012146586086,0.6377,graph,10000,4.0,9740.0,,,,,
vision,/root/autodl-tmp/snn_revision_round3/models/formal/s9624_T2_lr2e-05/step2048.pt,29359e707cd12deca58ffb266e327211e4b17ed53ecf0979eeb93a7698cb297b,A_s9624_a2_K2048,A,12450.0,adapted,9624.0,2.0,2e-05,2048,primary,graph,A_s9624_a2_K2048_c4_e4_bn9740,4,bn_cross,1.2830513449816616,0.6691,graph,10000,4.0,9740.0,,,,,
vision,/root/autodl-tmp/snn_revision_round3/models/formal/s9624_T2_lr2e-05/step2048.pt,29359e707cd12deca58ffb266e327211e4b17ed53ecf0979eeb93a7698cb297b,A_s9624_a2_K2048,A,12450.0,adapted,9624.0,2.0,2e-05,2048,primary,graph,A_s9624_a2_K2048_c2_e2_bn9840,2,bn_cross,1.386311152938567,0.654,graph,10000,2.0,9840.0,,,,,
vision,/root/autodl-tmp/snn_revision_round3/models/formal/s9624_T2_lr2e-05/step2048.pt,29359e707cd12deca58ffb266e327211e4b17ed53ecf0979eeb93a7698cb297b,A_s9624_a2_K2048,A,12450.0,adapted,9624.0,2.0,2e-05,2048,primary,graph,A_s9624_a2_K2048_c2_e4_bn9840,4,bn_cross,1.3115884497963184,0.6632,graph,10000,2.0,9840.0,,,,,
vision,/root/autodl-tmp/snn_revision_round3/models/formal/s9624_T2_lr2e-05/step2048.pt,29359e707cd12deca58ffb266e327211e4b17ed53ecf0979eeb93a7698cb297b,A_s9624_a2_K2048,A,12450.0,adapted,9624.0,2.0,2e-05,2048,primary,graph,A_s9624_a2_K2048_c4_e2_bn9840,2,bn_cross,1.444360323985666,0.6384,graph,10000,4.0,9840.0,,,,,
vision,/root/autodl-tmp/snn_revision_round3/models/formal/s9624_T2_lr2e-05/step2048.pt,29359e707cd12deca58ffb266e327211e4b17ed53ecf0979eeb93a7698cb297b,A_s9624_a2_K2048,A,12450.0,adapted,9624.0,2.0,2e-05,2048,primary,graph,A_s9624_a2_K2048_c4_e4_bn9840,4,bn_cross,1.2845784083646548,0.6673,graph,10000,4.0,9840.0,,,,,
vision,/root/autodl-tmp/snn_revision_round3/models/formal/s9624_T4_lr2e-05/step512.pt,cac8455e9ad3123f6a9a8c00322fc8d4dc8fb15b5e51d3a34fb2285726356603,A_s9624_a4_K512,A,12450.0,adapted,9624.0,4.0,2e-05,512,primary,graph,A_s9624_a4_K512_e2_raw,2,raw,1.6619454802052118,0.6146,graph,10000,,,,,,,
vision,/root/autodl-tmp/snn_revision_round3/models/formal/s9624_T4_lr2e-05/step512.pt,cac8455e9ad3123f6a9a8c00322fc8d4dc8fb15b5e51d3a34fb2285726356603,A_s9624_a4_K512,A,12450.0,adapted,9624.0,4.0,2e-05,512,primary,graph,A_s9624_a4_K512_e4_raw,4,raw,1.412362200113805,0.6633,graph,10000,,,,,,,
vision,/root/autodl-tmp/snn_revision_round3/models/formal/s9624_T4_lr2e-05/step512.pt,cac8455e9ad3123f6a9a8c00322fc8d4dc8fb15b5e51d3a34fb2285726356603,A_s9624_a4_K512,A,12450.0,adapted,9624.0,4.0,2e-05,512,primary,graph,A_s9624_a4_K512_c2_e2_bn9640,2,bn_cross,1.5765267280745088,0.632,graph,10000,2.0,9640.0,,,,,
vision,/root/autodl-tmp/snn_revision_round3/models/formal/s9624_T4_lr2e-05/step512.pt,cac8455e9ad3123f6a9a8c00322fc8d4dc8fb15b5e51d3a34fb2285726356603,A_s9624_a4_K512,A,12450.0,adapted,9624.0,4.0,2e-05,512,primary,graph,A_s9624_a4_K512_c4_e4_bn9640,4,bn_cross,1.319123396620038,0.6694,graph,10000,4.0,9640.0,,,,,
vision,/root/autodl-tmp/snn_revision_round3/models/formal/s9624_T4_lr2e-05/step1024.pt,6cb80cf8f425b11e4374babdcab62360eff56ee1f940acf01682eab3526a2aa7,A_s9624_a4_K1024,A,12450.0,adapted,9624.0,4.0,2e-05,1024,primary,graph,A_s9624_a4_K1024_e2_raw,2,raw,1.598090937010944,0.6233,graph,10000,,,,,,,
vision,/root/autodl-tmp/snn_revision_round3/models/formal/s9624_T4_lr2e-05/step1024.pt,6cb80cf8f425b11e4374babdcab62360eff56ee1f940acf01682eab3526a2aa7,A_s9624_a4_K1024,A,12450.0,adapted,9624.0,4.0,2e-05,1024,primary,graph,A_s9624_a4_K1024_e4_raw,4,raw,1.3698952360392664,0.6676,graph,10000,,,,,,,
vision,/root/autodl-tmp/snn_revision_round3/models/formal/s9624_T4_lr2e-05/step1024.pt,6cb80cf8f425b11e4374babdcab62360eff56ee1f940acf01682eab3526a2aa7,A_s9624_a4_K1024,A,12450.0,adapted,9624.0,4.0,2e-05,1024,primary,graph,A_s9624_a4_K1024_c2_e2_bn9640,2,bn_cross,1.5681668278597296,0.6351,graph,10000,2.0,9640.0,,,,,
vision,/root/autodl-tmp/snn_revision_round3/models/formal/s9624_T4_lr2e-05/step1024.pt,6cb80cf8f425b11e4374babdcab62360eff56ee1f940acf01682eab3526a2aa7,A_s9624_a4_K1024,A,12450.0,adapted,9624.0,4.0,2e-05,1024,primary,graph,A_s9624_a4_K1024_c4_e4_bn9640,4,bn_cross,1.3087013616082026,0.6688,graph,10000,4.0,9640.0,,,,,
vision,/root/autodl-tmp/snn_revision_round3/models/formal/s9624_T4_lr2e-05/step2048.pt,65ebcd1f448456ee16e75d7d29650ae783cdf0f15d2a8eb90dd1f8df5d681acd,A_s9624_a4_K2048,A,12450.0,adapted,9624.0,4.0,2e-05,2048,primary,graph,A_s9624_a4_K2048_e2_raw,2,raw,1.6256642482882366,0.62,graph,10000,,,,,,,
vision,/root/autodl-tmp/snn_revision_round3/models/formal/s9624_T4_lr2e-05/step2048.pt,65ebcd1f448456ee16e75d7d29650ae783cdf0f15d2a8eb90dd1f8df5d681acd,A_s9624_a4_K2048,A,12450.0,adapted,9624.0,4.0,2e-05,2048,primary,graph,A_s9624_a4_K2048_e4_raw,4,raw,1.3807556360461517,0.6696,graph,10000,,,,,,,
vision,/root/autodl-tmp/snn_revision_round3/models/formal/s9624_T4_lr2e-05/step2048.pt,65ebcd1f448456ee16e75d7d29650ae783cdf0f15d2a8eb90dd1f8df5d681acd,A_s9624_a4_K2048,A,12450.0,adapted,9624.0,4.0,2e-05,2048,primary,graph,A_s9624_a4_K2048_c2_e2_bn9640,2,bn_cross,1.557754740768159,0.6337,graph,10000,2.0,9640.0,,,,,
vision,/root/autodl-tmp/snn_revision_round3/models/formal/s9624_T4_lr2e-05/step2048.pt,65ebcd1f448456ee16e75d7d29650ae783cdf0f15d2a8eb90dd1f8df5d681acd,A_s9624_a4_K2048,A,12450.0,adapted,9624.0,4.0,2e-05,2048,primary,graph,A_s9624_a4_K2048_c2_e4_bn9640,4,bn_cross,1.4347090306554688,0.6546,graph,10000,2.0,9640.0,,,,,
vision,/root/autodl-tmp/snn_revision_round3/models/formal/s9624_T4_lr2e-05/step2048.pt,65ebcd1f448456ee16e75d7d29650ae783cdf0f15d2a8eb90dd1f8df5d681acd,A_s9624_a4_K2048,A,12450.0,adapted,9624.0,4.0,2e-05,2048,primary,graph,A_s9624_a4_K2048_c4_e2_bn9640,2,bn_cross,1.5345499381719856,0.6278,graph,10000,4.0,9640.0,,,,,
vision,/root/autodl-tmp/snn_revision_round3/models/formal/s9624_T4_lr2e-05/step2048.pt,65ebcd1f448456ee16e75d7d29650ae783cdf0f15d2a8eb90dd1f8df5d681acd,A_s9624_a4_K2048,A,12450.0,adapted,9624.0,4.0,2e-05,2048,primary,graph,A_s9624_a4_K2048_c4_e4_bn9640,4,bn_cross,1.2996580264964839,0.6739,graph,10000,4.0,9640.0,,,,,
vision,/root/autodl-tmp/snn_revision_round3/models/formal/s9624_T4_lr2e-05/step2048.pt,65ebcd1f448456ee16e75d7d29650ae783cdf0f15d2a8eb90dd1f8df5d681acd,A_s9624_a4_K2048,A,12450.0,adapted,9624.0,4.0,2e-05,2048,primary,graph,A_s9624_a4_K2048_c2_e2_bn9740,2,bn_cross,1.5483263982542326,0.6339,graph,10000,2.0,9740.0,,,,,
vision,/root/autodl-tmp/snn_revision_round3/models/formal/s9624_T4_lr2e-05/step2048.pt,65ebcd1f448456ee16e75d7d29650ae783cdf0f15d2a8eb90dd1f8df5d681acd,A_s9624_a4_K2048,A,12450.0,adapted,9624.0,4.0,2e-05,2048,primary,graph,A_s9624_a4_K2048_c2_e4_bn9740,4,bn_cross,1.437649602573272,0.6514,graph,10000,2.0,9740.0,,,,,
vision,/root/autodl-tmp/snn_revision_round3/models/formal/s9624_T4_lr2e-05/step2048.pt,65ebcd1f448456ee16e75d7d29650ae783cdf0f15d2a8eb90dd1f8df5d681acd,A_s9624_a4_K2048,A,12450.0,adapted,9624.0,4.0,2e-05,2048,primary,graph,A_s9624_a4_K2048_c4_e2_bn9740,2,bn_cross,1.528253216620721,0.636,graph,10000,4.0,9740.0,,,,,
vision,/root/autodl-tmp/snn_revision_round3/models/formal/s9624_T4_lr2e-05/step2048.pt,65ebcd1f448456ee16e75d7d29650ae783cdf0f15d2a8eb90dd1f8df5d681acd,A_s9624_a4_K2048,A,12450.0,adapted,9624.0,4.0,2e-05,2048,primary,graph,A_s9624_a4_K2048_c4_e4_bn9740,4,bn_cross,1.29839009159829,0.6742,graph,10000,4.0,9740.0,,,,,
vision,/root/autodl-tmp/snn_revision_round3/models/formal/s9624_T4_lr2e-05/step2048.pt,65ebcd1f448456ee16e75d7d29650ae783cdf0f15d2a8eb90dd1f8df5d681acd,A_s9624_a4_K2048,A,12450.0,adapted,9624.0,4.0,2e-05,2048,primary,graph,A_s9624_a4_K2048_c2_e2_bn9840,2,bn_cross,1.5555701927729881,0.6347,graph,10000,2.0,9840.0,,,,,
vision,/root/autodl-tmp/snn_revision_round3/models/formal/s9624_T4_lr2e-05/step2048.pt,65ebcd1f448456ee16e75d7d29650ae783cdf0f15d2a8eb90dd1f8df5d681acd,A_s9624_a4_K2048,A,12450.0,adapted,9624.0,4.0,2e-05,2048,primary,graph,A_s9624_a4_K2048_c2_e4_bn9840,4,bn_cross,1.4333702944580697,0.6541,graph,10000,2.0,9840.0,,,,,
vision,/root/autodl-tmp/snn_revision_round3/models/formal/s9624_T4_lr2e-05/step2048.pt,65ebcd1f448456ee16e75d7d29650ae783cdf0f15d2a8eb90dd1f8df5d681acd,A_s9624_a4_K2048,A,12450.0,adapted,9624.0,4.0,2e-05,2048,primary,graph,A_s9624_a4_K2048_c4_e2_bn9840,2,bn_cross,1.530276465164544,0.6327,graph,10000,4.0,9840.0,,,,,
vision,/root/autodl-tmp/snn_revision_round3/models/formal/s9624_T4_lr2e-05/step2048.pt,65ebcd1f448456ee16e75d7d29650ae783cdf0f15d2a8eb90dd1f8df5d681acd,A_s9624_a4_K2048,A,12450.0,adapted,9624.0,4.0,2e-05,2048,primary,graph,A_s9624_a4_K2048_c4_e4_bn9840,4,bn_cross,1.2968553971918184,0.6756,graph,10000,4.0,9840.0,,,,,
vision,/root/autodl-tmp/snn_revision_round3/models/formal/s9625_T2_lr2e-05/step512.pt,b0cf2c448faf14ddc76640020843fc277b46226e634b8ed86a6699753be335b0,A_s9625_a2_K512,A,12450.0,adapted,9625.0,2.0,2e-05,512,primary,graph,A_s9625_a2_K512_e2_raw,2,raw,1.4879101163231303,0.6385,graph,10000,,,,,,,
vision,/root/autodl-tmp/snn_revision_round3/models/formal/s9625_T2_lr2e-05/step512.pt,b0cf2c448faf14ddc76640020843fc277b46226e634b8ed86a6699753be335b0,A_s9625_a2_K512,A,12450.0,adapted,9625.0,2.0,2e-05,512,primary,graph,A_s9625_a2_K512_e4_raw,4,raw,1.3986443148028223,0.6526,graph,10000,,,,,,,
vision,/root/autodl-tmp/snn_revision_round3/models/formal/s9625_T2_lr2e-05/step512.pt,b0cf2c448faf14ddc76640020843fc277b46226e634b8ed86a6699753be335b0,A_s9625_a2_K512,A,12450.0,adapted,9625.0,2.0,2e-05,512,primary,graph,A_s9625_a2_K512_c2_e2_bn9640,2,bn_cross,1.4331455071540085,0.642,graph,10000,2.0,9640.0,,,,,
vision,/root/autodl-tmp/snn_revision_round3/models/formal/s9625_T2_lr2e-05/step512.pt,b0cf2c448faf14ddc76640020843fc277b46226e634b8ed86a6699753be335b0,A_s9625_a2_K512,A,12450.0,adapted,9625.0,2.0,2e-05,512,primary,graph,A_s9625_a2_K512_c4_e4_bn9640,4,bn_cross,1.2895758133682307,0.6603,graph,10000,4.0,9640.0,,,,,
vision,/root/autodl-tmp/snn_revision_round3/models/formal/s9625_T2_lr2e-05/step1024.pt,e039d9730cea7e5d7a73c80f69e9f0efba1af1e173d1801c3e6f32eb2dc47cf8,A_s9625_a2_K1024,A,12450.0,adapted,9625.0,2.0,2e-05,1024,primary,graph,A_s9625_a2_K1024_e2_raw,2,raw,1.4714881768606836,0.6422,graph,10000,,,,,,,
vision,/root/autodl-tmp/snn_revision_round3/models/formal/s9625_T2_lr2e-05/step1024.pt,e039d9730cea7e5d7a73c80f69e9f0efba1af1e173d1801c3e6f32eb2dc47cf8,A_s9625_a2_K1024,A,12450.0,adapted,9625.0,2.0,2e-05,1024,primary,graph,A_s9625_a2_K1024_e4_raw,4,raw,1.3802357604994497,0.654,graph,10000,,,,,,,
vision,/root/autodl-tmp/snn_revision_round3/models/formal/s9625_T2_lr2e-05/step1024.pt,e039d9730cea7e5d7a73c80f69e9f0efba1af1e173d1801c3e6f32eb2dc47cf8,A_s9625_a2_K1024,A,12450.0,adapted,9625.0,2.0,2e-05,1024,primary,graph,A_s9625_a2_K1024_c2_e2_bn9640,2,bn_cross,1.4017929655346553,0.6456,graph,10000,2.0,9640.0,,,,,
vision,/root/autodl-tmp/snn_revision_round3/models/formal/s9625_T2_lr2e-05/step1024.pt,e039d9730cea7e5d7a73c80f69e9f0efba1af1e173d1801c3e6f32eb2dc47cf8,A_s9625_a2_K1024,A,12450.0,adapted,9625.0,2.0,2e-05,1024,primary,graph,A_s9625_a2_K1024_c4_e4_bn9640,4,bn_cross,1.2875849150887457,0.662,graph,10000,4.0,9640.0,,,,,
vision,/root/autodl-tmp/snn_revision_round3/models/formal/s9625_T2_lr2e-05/step2048.pt,4e539334d032c16215a8ccb6e70be660e45427a4eb7f782a881fc328f22635ef,A_s9625_a2_K2048,A,12450.0,adapted,9625.0,2.0,2e-05,2048,primary,graph,A_s9625_a2_K2048_e2_raw,2,raw,1.4659846210398944,0.6411,graph,10000,,,,,,,
vision,/root/autodl-tmp/snn_revision_round3/models/formal/s9625_T2_lr2e-05/step2048.pt,4e539334d032c16215a8ccb6e70be660e45427a4eb7f782a881fc328f22635ef,A_s9625_a2_K2048,A,12450.0,adapted,9625.0,2.0,2e-05,2048,primary,graph,A_s9625_a2_K2048_e4_raw,4,raw,1.3817012874202454,0.6573,graph,10000,,,,,,,
vision,/root/autodl-tmp/snn_revision_round3/models/formal/s9625_T2_lr2e-05/step2048.pt,4e539334d032c16215a8ccb6e70be660e45427a4eb7f782a881fc328f22635ef,A_s9625_a2_K2048,A,12450.0,adapted,9625.0,2.0,2e-05,2048,primary,graph,A_s9625_a2_K2048_c2_e2_bn9640,2,bn_cross,1.3934278243625768,0.6475,graph,10000,2.0,9640.0,,,,,
vision,/root/autodl-tmp/snn_revision_round3/models/formal/s9625_T2_lr2e-05/step2048.pt,4e539334d032c16215a8ccb6e70be660e45427a4eb7f782a881fc328f22635ef,A_s9625_a2_K2048,A,12450.0,adapted,9625.0,2.0,2e-05,2048,primary,graph,A_s9625_a2_K2048_c2_e4_bn9640,4,bn_cross,1.3150588747703935,0.664,graph,10000,2.0,9640.0,,,,,
vision,/root/autodl-tmp/snn_revision_round3/models/formal/s9625_T2_lr2e-05/step2048.pt,4e539334d032c16215a8ccb6e70be660e45427a4eb7f782a881fc328f22635ef,A_s9625_a2_K2048,A,12450.0,adapted,9625.0,2.0,2e-05,2048,primary,graph,A_s9625_a2_K2048_c4_e2_bn9640,2,bn_cross,1.4550028621249833,0.6338,graph,10000,4.0,9640.0,,,,,
vision,/root/autodl-tmp/snn_revision_round3/models/formal/s9625_T2_lr2e-05/step2048.pt,4e539334d032c16215a8ccb6e70be660e45427a4eb7f782a881fc328f22635ef,A_s9625_a2_K2048,A,12450.0,adapted,9625.0,2.0,2e-05,2048,primary,graph,A_s9625_a2_K2048_c4_e4_bn9640,4,bn_cross,1.291644612846343,0.6638,graph,10000,4.0,9640.0,,,,,
vision,/root/autodl-tmp/snn_revision_round3/models/formal/s9625_T2_lr2e-05/step2048.pt,4e539334d032c16215a8ccb6e70be660e45427a4eb7f782a881fc328f22635ef,A_s9625_a2_K2048,A,12450.0,adapted,9625.0,2.0,2e-05,2048,primary,graph,A_s9625_a2_K2048_c2_e2_bn9740,2,bn_cross,1.3908999683326344,0.6509,graph,10000,2.0,9740.0,,,,,
vision,/root/autodl-tmp/snn_revision_round3/models/formal/s9625_T2_lr2e-05/step2048.pt,4e539334d032c16215a8ccb6e70be660e45427a4eb7f782a881fc328f22635ef,A_s9625_a2_K2048,A,12450.0,adapted,9625.0,2.0,2e-05,2048,primary,graph,A_s9625_a2_K2048_c2_e4_bn9740,4,bn_cross,1.3248822561743612,0.6582,graph,10000,2.0,9740.0,,,,,
vision,/root/autodl-tmp/snn_revision_round3/models/formal/s9625_T2_lr2e-05/step2048.pt,4e539334d032c16215a8ccb6e70be660e45427a4eb7f782a881fc328f22635ef,A_s9625_a2_K2048,A,12450.0,adapted,9625.0,2.0,2e-05,2048,primary,graph,A_s9625_a2_K2048_c4_e2_bn9740,2,bn_cross,1.4486135677318555,0.6386,graph,10000,4.0,9740.0,,,,,
vision,/root/autodl-tmp/snn_revision_round3/models/formal/s9625_T2_lr2e-05/step2048.pt,4e539334d032c16215a8ccb6e70be660e45427a4eb7f782a881fc328f22635ef,A_s9625_a2_K2048,A,12450.0,adapted,9625.0,2.0,2e-05,2048,primary,graph,A_s9625_a2_K2048_c4_e4_bn9740,4,bn_cross,1.2900258470786445,0.6646,graph,10000,4.0,9740.0,,,,,
vision,/root/autodl-tmp/snn_revision_round3/models/formal/s9625_T2_lr2e-05/step2048.pt,4e539334d032c16215a8ccb6e70be660e45427a4eb7f782a881fc328f22635ef,A_s9625_a2_K2048,A,12450.0,adapted,9625.0,2.0,2e-05,2048,primary,graph,A_s9625_a2_K2048_c2_e2_bn9840,2,bn_cross,1.3970726283882862,0.6513,graph,10000,2.0,9840.0,,,,,
vision,/root/autodl-tmp/snn_revision_round3/models/formal/s9625_T2_lr2e-05/step2048.pt,4e539334d032c16215a8ccb6e70be660e45427a4eb7f782a881fc328f22635ef,A_s9625_a2_K2048,A,12450.0,adapted,9625.0,2.0,2e-05,2048,primary,graph,A_s9625_a2_K2048_c2_e4_bn9840,4,bn_cross,1.3172934469664295,0.6601,graph,10000,2.0,9840.0,,,,,
vision,/root/autodl-tmp/snn_revision_round3/models/formal/s9625_T2_lr2e-05/step2048.pt,4e539334d032c16215a8ccb6e70be660e45427a4eb7f782a881fc328f22635ef,A_s9625_a2_K2048,A,12450.0,adapted,9625.0,2.0,2e-05,2048,primary,graph,A_s9625_a2_K2048_c4_e2_bn9840,2,bn_cross,1.455881529379741,0.6325,graph,10000,4.0,9840.0,,,,,
vision,/root/autodl-tmp/snn_revision_round3/models/formal/s9625_T2_lr2e-05/step2048.pt,4e539334d032c16215a8ccb6e70be660e45427a4eb7f782a881fc328f22635ef,A_s9625_a2_K2048,A,12450.0,adapted,9625.0,2.0,2e-05,2048,primary,graph,A_s9625_a2_K2048_c4_e4_bn9840,4,bn_cross,1.2908952078085043,0.6657,graph,10000,4.0,9840.0,,,,,
vision,/root/autodl-tmp/snn_revision_round3/models/formal/s9625_T4_lr2e-05/step512.pt,212f3e71cb60d5425b7f290931ea32c56b2f0cb1c88fe8d718695ed0362211d3,A_s9625_a4_K512,A,12450.0,adapted,9625.0,4.0,2e-05,512,primary,graph,A_s9625_a4_K512_e2_raw,2,raw,1.6300048316349276,0.6199,graph,10000,,,,,,,
vision,/root/autodl-tmp/snn_revision_round3/models/formal/s9625_T4_lr2e-05/step512.pt,212f3e71cb60d5425b7f290931ea32c56b2f0cb1c88fe8d718695ed0362211d3,A_s9625_a4_K512,A,12450.0,adapted,9625.0,4.0,2e-05,512,primary,graph,A_s9625_a4_K512_e4_raw,4,raw,1.3837250297393882,0.669,graph,10000,,,,,,,
vision,/root/autodl-tmp/snn_revision_round3/models/formal/s9625_T4_lr2e-05/step512.pt,212f3e71cb60d5425b7f290931ea32c56b2f0cb1c88fe8d718695ed0362211d3,A_s9625_a4_K512,A,12450.0,adapted,9625.0,4.0,2e-05,512,primary,graph,A_s9625_a4_K512_c2_e2_bn9640,2,bn_cross,1.585217052528588,0.6305,graph,10000,2.0,9640.0,,,,,
vision,/root/autodl-tmp/snn_revision_round3/models/formal/s9625_T4_lr2e-05/step512.pt,212f3e71cb60d5425b7f290931ea32c56b2f0cb1c88fe8d718695ed0362211d3,A_s9625_a4_K512,A,12450.0,adapted,9625.0,4.0,2e-05,512,primary,graph,A_s9625_a4_K512_c4_e4_bn9640,4,bn_cross,1.32592018123155,0.6701,graph,10000,4.0,9640.0,,,,,
vision,/root/autodl-tmp/snn_revision_round3/models/formal/s9625_T4_lr2e-05/step1024.pt,dd24a1afd449b762cd2bf94c350aa674e8d8645e38dfb245cf90e226ec650614,A_s9625_a4_K1024,A,12450.0,adapted,9625.0,4.0,2e-05,1024,primary,graph,A_s9625_a4_K1024_e2_raw,2,raw,1.646613680268079,0.6175,graph,10000,,,,,,,
vision,/root/autodl-tmp/snn_revision_round3/models/formal/s9625_T4_lr2e-05/step1024.pt,dd24a1afd449b762cd2bf94c350aa674e8d8645e38dfb245cf90e226ec650614,A_s9625_a4_K1024,A,12450.0,adapted,9625.0,4.0,2e-05,1024,primary,graph,A_s9625_a4_K1024_e4_raw,4,raw,1.3892058359424584,0.6657,graph,10000,,,,,,,
vision,/root/autodl-tmp/snn_revision_round3/models/formal/s9625_T4_lr2e-05/step1024.pt,dd24a1afd449b762cd2bf94c350aa674e8d8645e38dfb245cf90e226ec650614,A_s9625_a4_K1024,A,12450.0,adapted,9625.0,4.0,2e-05,1024,primary,graph,A_s9625_a4_K1024_c2_e2_bn9640,2,bn_cross,1.564535806965176,0.6346,graph,10000,2.0,9640.0,,,,,
vision,/root/autodl-tmp/snn_revision_round3/models/formal/s9625_T4_lr2e-05/step1024.pt,dd24a1afd449b762cd2bf94c350aa674e8d8645e38dfb245cf90e226ec650614,A_s9625_a4_K1024,A,12450.0,adapted,9625.0,4.0,2e-05,1024,primary,graph,A_s9625_a4_K1024_c4_e4_bn9640,4,bn_cross,1.3150532638063888,0.6695,graph,10000,4.0,9640.0,,,,,
vision,/root/autodl-tmp/snn_revision_round3/models/formal/s9625_T4_lr2e-05/step2048.pt,9cc82bbc10bee34bff320306ed99356af48c5642a88f38249d72609b42ceaf78,A_s9625_a4_K2048,A,12450.0,adapted,9625.0,4.0,2e-05,2048,primary,graph,A_s9625_a4_K2048_e2_raw,2,raw,1.6258564041432924,0.6264,graph,10000,,,,,,,
vision,/root/autodl-tmp/snn_revision_round3/models/formal/s9625_T4_lr2e-05/step2048.pt,9cc82bbc10bee34bff320306ed99356af48c5642a88f38249d72609b42ceaf78,A_s9625_a4_K2048,A,12450.0,adapted,9625.0,4.0,2e-05,2048,primary,graph,A_s9625_a4_K2048_e4_raw,4,raw,1.390319984103134,0.6696,graph,10000,,,,,,,
vision,/root/autodl-tmp/snn_revision_round3/models/formal/s9625_T4_lr2e-05/step2048.pt,9cc82bbc10bee34bff320306ed99356af48c5642a88f38249d72609b42ceaf78,A_s9625_a4_K2048,A,12450.0,adapted,9625.0,4.0,2e-05,2048,primary,graph,A_s9625_a4_K2048_c2_e2_bn9640,2,bn_cross,1.556424836777989,0.6327,graph,10000,2.0,9640.0,,,,,
vision,/root/autodl-tmp/snn_revision_round3/models/formal/s9625_T4_lr2e-05/step2048.pt,9cc82bbc10bee34bff320306ed99356af48c5642a88f38249d72609b42ceaf78,A_s9625_a4_K2048,A,12450.0,adapted,9625.0,4.0,2e-05,2048,primary,graph,A_s9625_a4_K2048_c2_e4_bn9640,4,bn_cross,1.4370872309484752,0.6535,graph,10000,2.0,9640.0,,,,,
vision,/root/autodl-tmp/snn_revision_round3/models/formal/s9625_T4_lr2e-05/step2048.pt,9cc82bbc10bee34bff320306ed99356af48c5642a88f38249d72609b42ceaf78,A_s9625_a4_K2048,A,12450.0,adapted,9625.0,4.0,2e-05,2048,primary,graph,A_s9625_a4_K2048_c4_e2_bn9640,2,bn_cross,1.5375256588389166,0.6299,graph,10000,4.0,9640.0,,,,,
vision,/root/autodl-tmp/snn_revision_round3/models/formal/s9625_T4_lr2e-05/step2048.pt,9cc82bbc10bee34bff320306ed99356af48c5642a88f38249d72609b42ceaf78,A_s9625_a4_K2048,A,12450.0,adapted,9625.0,4.0,2e-05,2048,primary,graph,A_s9625_a4_K2048_c4_e4_bn9640,4,bn_cross,1.3060402519347378,0.6709,graph,10000,4.0,9640.0,,,,,
vision,/root/autodl-tmp/snn_revision_round3/models/formal/s9625_T4_lr2e-05/step2048.pt,9cc82bbc10bee34bff320306ed99356af48c5642a88f38249d72609b42ceaf78,A_s9625_a4_K2048,A,12450.0,adapted,9625.0,4.0,2e-05,2048,primary,graph,A_s9625_a4_K2048_c2_e2_bn9740,2,bn_cross,1.5535006632049102,0.635,graph,10000,2.0,9740.0,,,,,
vision,/root/autodl-tmp/snn_revision_round3/models/formal/s9625_T4_lr2e-05/step2048.pt,9cc82bbc10bee34bff320306ed99356af48c5642a88f38249d72609b42ceaf78,A_s9625_a4_K2048,A,12450.0,adapted,9625.0,4.0,2e-05,2048,primary,graph,A_s9625_a4_K2048_c2_e4_bn9740,4,bn_cross,1.4416134284371511,0.6529,graph,10000,2.0,9740.0,,,,,
vision,/root/autodl-tmp/snn_revision_round3/models/formal/s9625_T4_lr2e-05/step2048.pt,9cc82bbc10bee34bff320306ed99356af48c5642a88f38249d72609b42ceaf78,A_s9625_a4_K2048,A,12450.0,adapted,9625.0,4.0,2e-05,2048,primary,graph,A_s9625_a4_K2048_c4_e2_bn9740,2,bn_cross,1.5351907262852882,0.6325,graph,10000,4.0,9740.0,,,,,
vision,/root/autodl-tmp/snn_revision_round3/models/formal/s9625_T4_lr2e-05/step2048.pt,9cc82bbc10bee34bff320306ed99356af48c5642a88f38249d72609b42ceaf78,A_s9625_a4_K2048,A,12450.0,adapted,9625.0,4.0,2e-05,2048,primary,graph,A_s9625_a4_K2048_c4_e4_bn9740,4,bn_cross,1.3040148684421555,0.6722,graph,10000,4.0,9740.0,,,,,
vision,/root/autodl-tmp/snn_revision_round3/models/formal/s9625_T4_lr2e-05/step2048.pt,9cc82bbc10bee34bff320306ed99356af48c5642a88f38249d72609b42ceaf78,A_s9625_a4_K2048,A,12450.0,adapted,9625.0,4.0,2e-05,2048,primary,graph,A_s9625_a4_K2048_c2_e2_bn9840,2,bn_cross,1.5595633556179702,0.6315,graph,10000,2.0,9840.0,,,,,
vision,/root/autodl-tmp/snn_revision_round3/models/formal/s9625_T4_lr2e-05/step2048.pt,9cc82bbc10bee34bff320306ed99356af48c5642a88f38249d72609b42ceaf78,A_s9625_a4_K2048,A,12450.0,adapted,9625.0,4.0,2e-05,2048,primary,graph,A_s9625_a4_K2048_c2_e4_bn9840,4,bn_cross,1.4401226464547683,0.6488,graph,10000,2.0,9840.0,,,,,
vision,/root/autodl-tmp/snn_revision_round3/models/formal/s9625_T4_lr2e-05/step2048.pt,9cc82bbc10bee34bff320306ed99356af48c5642a88f38249d72609b42ceaf78,A_s9625_a4_K2048,A,12450.0,adapted,9625.0,4.0,2e-05,2048,primary,graph,A_s9625_a4_K2048_c4_e2_bn9840,2,bn_cross,1.5337848298651167,0.6305,graph,10000,4.0,9840.0,,,,,
vision,/root/autodl-tmp/snn_revision_round3/models/formal/s9625_T4_lr2e-05/step2048.pt,9cc82bbc10bee34bff320306ed99356af48c5642a88f38249d72609b42ceaf78,A_s9625_a4_K2048,A,12450.0,adapted,9625.0,4.0,2e-05,2048,primary,graph,A_s9625_a4_K2048_c4_e4_bn9840,4,bn_cross,1.3039222919512774,0.672,graph,10000,4.0,9840.0,,,,,
vision,/root/autodl-tmp/snn_revision_round3/initialization/results/independent12550/best.pt,2c2fce3091f2a39040ceeb1c3b50aa09feb8b110e41baa0cd6bba56bf3a6dca3,B_initial,B,12550.0,shared_initial,,,,0,primary,graph,B_initial_e2_raw,2,raw,1.6176703350248747,0.6174,graph,10000,,,,,,,
vision,/root/autodl-tmp/snn_revision_round3/initialization/results/independent12550/best.pt,2c2fce3091f2a39040ceeb1c3b50aa09feb8b110e41baa0cd6bba56bf3a6dca3,B_initial,B,12550.0,shared_initial,,,,0,primary,graph,B_initial_e4_raw,4,raw,1.3985256188071566,0.6576,graph,10000,,,,,,,
vision,/root/autodl-tmp/snn_revision_round3/initialization/results/independent12550/best.pt,2c2fce3091f2a39040ceeb1c3b50aa09feb8b110e41baa0cd6bba56bf3a6dca3,B_initial,B,12550.0,shared_initial,,,,0,primary,graph,B_initial_c2_e2_bn9640,2,bn_cross,1.5701051854603458,0.6267,graph,10000,2.0,9640.0,,,,,
vision,/root/autodl-tmp/snn_revision_round3/initialization/results/independent12550/best.pt,2c2fce3091f2a39040ceeb1c3b50aa09feb8b110e41baa0cd6bba56bf3a6dca3,B_initial,B,12550.0,shared_initial,,,,0,primary,graph,B_initial_c2_e4_bn9640,4,bn_cross,1.4418288928307592,0.6426,graph,10000,2.0,9640.0,,,,,
vision,/root/autodl-tmp/snn_revision_round3/initialization/results/independent12550/best.pt,2c2fce3091f2a39040ceeb1c3b50aa09feb8b110e41baa0cd6bba56bf3a6dca3,B_initial,B,12550.0,shared_initial,,,,0,primary,graph,B_initial_c4_e2_bn9640,2,bn_cross,1.5333346017198637,0.6308,graph,10000,4.0,9640.0,,,,,
vision,/root/autodl-tmp/snn_revision_round3/initialization/results/independent12550/best.pt,2c2fce3091f2a39040ceeb1c3b50aa09feb8b110e41baa0cd6bba56bf3a6dca3,B_initial,B,12550.0,shared_initial,,,,0,primary,graph,B_initial_c4_e4_bn9640,4,bn_cross,1.327004912617983,0.6646,graph,10000,4.0,9640.0,,,,,
vision,/root/autodl-tmp/snn_revision_round3/initialization/results/independent12550/best.pt,2c2fce3091f2a39040ceeb1c3b50aa09feb8b110e41baa0cd6bba56bf3a6dca3,B_initial,B,12550.0,shared_initial,,,,0,primary,graph,B_initial_c2_e2_bn9740,2,bn_cross,1.5669697920594365,0.6305,graph,10000,2.0,9740.0,,,,,
vision,/root/autodl-tmp/snn_revision_round3/initialization/results/independent12550/best.pt,2c2fce3091f2a39040ceeb1c3b50aa09feb8b110e41baa0cd6bba56bf3a6dca3,B_initial,B,12550.0,shared_initial,,,,0,primary,graph,B_initial_c2_e4_bn9740,4,bn_cross,1.4409061337461928,0.6457,graph,10000,2.0,9740.0,,,,,
vision,/root/autodl-tmp/snn_revision_round3/initialization/results/independent12550/best.pt,2c2fce3091f2a39040ceeb1c3b50aa09feb8b110e41baa0cd6bba56bf3a6dca3,B_initial,B,12550.0,shared_initial,,,,0,primary,graph,B_initial_c4_e2_bn9740,2,bn_cross,1.5238243010745616,0.6308,graph,10000,4.0,9740.0,,,,,
vision,/root/autodl-tmp/snn_revision_round3/initialization/results/independent12550/best.pt,2c2fce3091f2a39040ceeb1c3b50aa09feb8b110e41baa0cd6bba56bf3a6dca3,B_initial,B,12550.0,shared_initial,,,,0,primary,graph,B_initial_c4_e4_bn9740,4,bn_cross,1.3230954775501742,0.6676,graph,10000,4.0,9740.0,,,,,
vision,/root/autodl-tmp/snn_revision_round3/initialization/results/independent12550/best.pt,2c2fce3091f2a39040ceeb1c3b50aa09feb8b110e41baa0cd6bba56bf3a6dca3,B_initial,B,12550.0,shared_initial,,,,0,primary,graph,B_initial_c2_e2_bn9840,2,bn_cross,1.5746251214004587,0.6315,graph,10000,2.0,9840.0,,,,,
vision,/root/autodl-tmp/snn_revision_round3/initialization/results/independent12550/best.pt,2c2fce3091f2a39040ceeb1c3b50aa09feb8b110e41baa0cd6bba56bf3a6dca3,B_initial,B,12550.0,shared_initial,,,,0,primary,graph,B_initial_c2_e4_bn9840,4,bn_cross,1.4455294338269042,0.645,graph,10000,2.0,9840.0,,,,,
vision,/root/autodl-tmp/snn_revision_round3/initialization/results/independent12550/best.pt,2c2fce3091f2a39040ceeb1c3b50aa09feb8b110e41baa0cd6bba56bf3a6dca3,B_initial,B,12550.0,shared_initial,,,,0,primary,graph,B_initial_c4_e2_bn9840,2,bn_cross,1.5339106956625357,0.6281,graph,10000,4.0,9840.0,,,,,
vision,/root/autodl-tmp/snn_revision_round3/initialization/results/independent12550/best.pt,2c2fce3091f2a39040ceeb1c3b50aa09feb8b110e41baa0cd6bba56bf3a6dca3,B_initial,B,12550.0,shared_initial,,,,0,primary,graph,B_initial_c4_e4_bn9840,4,bn_cross,1.3250574565636692,0.6652,graph,10000,4.0,9840.0,,,,,
vision,/root/autodl-tmp/snn_revision_round3/models/formal_B/s9721_T2_lr2e-05/step512.pt,adf7c3567096faefa8c17b20dc503d0194666b1002568c2735c8d1dda14f0d22,B_s9721_a2_K512,B,12550.0,adapted,9721.0,2.0,2e-05,512,primary,graph,B_s9721_a2_K512_e2_raw,2,raw,1.501507621459826,0.6372,graph,10000,,,,,,,
vision,/root/autodl-tmp/snn_revision_round3/models/formal_B/s9721_T2_lr2e-05/step512.pt,adf7c3567096faefa8c17b20dc503d0194666b1002568c2735c8d1dda14f0d22,B_s9721_a2_K512,B,12550.0,adapted,9721.0,2.0,2e-05,512,primary,graph,B_s9721_a2_K512_e4_raw,4,raw,1.4084129537841363,0.6467,graph,10000,,,,,,,
vision,/root/autodl-tmp/snn_revision_round3/models/formal_B/s9721_T2_lr2e-05/step512.pt,adf7c3567096faefa8c17b20dc503d0194666b1002568c2735c8d1dda14f0d22,B_s9721_a2_K512,B,12550.0,adapted,9721.0,2.0,2e-05,512,primary,graph,B_s9721_a2_K512_c2_e2_bn9640,2,bn_cross,1.423620925296098,0.6406,graph,10000,2.0,9640.0,,,,,
vision,/root/autodl-tmp/snn_revision_round3/models/formal_B/s9721_T2_lr2e-05/step512.pt,adf7c3567096faefa8c17b20dc503d0194666b1002568c2735c8d1dda14f0d22,B_s9721_a2_K512,B,12550.0,adapted,9721.0,2.0,2e-05,512,primary,graph,B_s9721_a2_K512_c4_e4_bn9640,4,bn_cross,1.3046049371448463,0.6563,graph,10000,4.0,9640.0,,,,,
vision,/root/autodl-tmp/snn_revision_round3/models/formal_B/s9721_T2_lr2e-05/step1024.pt,8ad1b9259ea5c4c4995ae8a5e0b583e5b4545343a6fdc2363b52f01ef327bb2a,B_s9721_a2_K1024,B,12550.0,adapted,9721.0,2.0,2e-05,1024,primary,graph,B_s9721_a2_K1024_e2_raw,2,raw,1.5147431487265044,0.6352,graph,10000,,,,,,,
vision,/root/autodl-tmp/snn_revision_round3/models/formal_B/s9721_T2_lr2e-05/step1024.pt,8ad1b9259ea5c4c4995ae8a5e0b583e5b4545343a6fdc2363b52f01ef327bb2a,B_s9721_a2_K1024,B,12550.0,adapted,9721.0,2.0,2e-05,1024,primary,graph,B_s9721_a2_K1024_e4_raw,4,raw,1.4452737633245707,0.6431,graph,10000,,,,,,,
vision,/root/autodl-tmp/snn_revision_round3/models/formal_B/s9721_T2_lr2e-05/step1024.pt,8ad1b9259ea5c4c4995ae8a5e0b583e5b4545343a6fdc2363b52f01ef327bb2a,B_s9721_a2_K1024,B,12550.0,adapted,9721.0,2.0,2e-05,1024,primary,graph,B_s9721_a2_K1024_c2_e2_bn9640,2,bn_cross,1.4170703419905155,0.6433,graph,10000,2.0,9640.0,,,,,
vision,/root/autodl-tmp/snn_revision_round3/models/formal_B/s9721_T2_lr2e-05/step1024.pt,8ad1b9259ea5c4c4995ae8a5e0b583e5b4545343a6fdc2363b52f01ef327bb2a,B_s9721_a2_K1024,B,12550.0,adapted,9721.0,2.0,2e-05,1024,primary,graph,B_s9721_a2_K1024_c4_e4_bn9640,4,bn_cross,1.31445597025014,0.6542,graph,10000,4.0,9640.0,,,,,
vision,/root/autodl-tmp/snn_revision_round3/models/formal_B/s9721_T2_lr2e-05/step2048.pt,213a0d1551cb3c304f276e974ef4ce97de85489c68df81150bd8139c4a0491c4,B_s9721_a2_K2048,B,12550.0,adapted,9721.0,2.0,2e-05,2048,primary,graph,B_s9721_a2_K2048_e2_raw,2,raw,1.4757313102895626,0.6418,graph,10000,,,,,,,
vision,/root/autodl-tmp/snn_revision_round3/models/formal_B/s9721_T2_lr2e-05/step2048.pt,213a0d1551cb3c304f276e974ef4ce97de85489c68df81150bd8139c4a0491c4,B_s9721_a2_K2048,B,12550.0,adapted,9721.0,2.0,2e-05,2048,primary,graph,B_s9721_a2_K2048_e4_raw,4,raw,1.4016077433935075,0.6518,graph,10000,,,,,,,
vision,/root/autodl-tmp/snn_revision_round3/models/formal_B/s9721_T2_lr2e-05/step2048.pt,213a0d1551cb3c304f276e974ef4ce97de85489c68df81150bd8139c4a0491c4,B_s9721_a2_K2048,B,12550.0,adapted,9721.0,2.0,2e-05,2048,primary,graph,B_s9721_a2_K2048_c2_e2_bn9640,2,bn_cross,1.4171729318725061,0.6451,graph,10000,2.0,9640.0,,,,,
vision,/root/autodl-tmp/snn_revision_round3/models/formal_B/s9721_T2_lr2e-05/step2048.pt,213a0d1551cb3c304f276e974ef4ce97de85489c68df81150bd8139c4a0491c4,B_s9721_a2_K2048,B,12550.0,adapted,9721.0,2.0,2e-05,2048,primary,graph,B_s9721_a2_K2048_c2_e4_bn9640,4,bn_cross,1.3511707665590105,0.6507,graph,10000,2.0,9640.0,,,,,
vision,/root/autodl-tmp/snn_revision_round3/models/formal_B/s9721_T2_lr2e-05/step2048.pt,213a0d1551cb3c304f276e974ef4ce97de85489c68df81150bd8139c4a0491c4,B_s9721_a2_K2048,B,12550.0,adapted,9721.0,2.0,2e-05,2048,primary,graph,B_s9721_a2_K2048_c4_e2_bn9640,2,bn_cross,1.4445563806440913,0.6396,graph,10000,4.0,9640.0,,,,,
vision,/root/autodl-tmp/snn_revision_round3/models/formal_B/s9721_T2_lr2e-05/step2048.pt,213a0d1551cb3c304f276e974ef4ce97de85489c68df81150bd8139c4a0491c4,B_s9721_a2_K2048,B,12550.0,adapted,9721.0,2.0,2e-05,2048,primary,graph,B_s9721_a2_K2048_c4_e4_bn9640,4,bn_cross,1.3219341488760838,0.6576,graph,10000,4.0,9640.0,,,,,
vision,/root/autodl-tmp/snn_revision_round3/models/formal_B/s9721_T2_lr2e-05/step2048.pt,213a0d1551cb3c304f276e974ef4ce97de85489c68df81150bd8139c4a0491c4,B_s9721_a2_K2048,B,12550.0,adapted,9721.0,2.0,2e-05,2048,primary,graph,B_s9721_a2_K2048_c2_e2_bn9740,2,bn_cross,1.4104725267216331,0.6521,graph,10000,2.0,9740.0,,,,,
vision,/root/autodl-tmp/snn_revision_round3/models/formal_B/s9721_T2_lr2e-05/step2048.pt,213a0d1551cb3c304f276e974ef4ce97de85489c68df81150bd8139c4a0491c4,B_s9721_a2_K2048,B,12550.0,adapted,9721.0,2.0,2e-05,2048,primary,graph,B_s9721_a2_K2048_c2_e4_bn9740,4,bn_cross,1.3485018446498085,0.6531,graph,10000,2.0,9740.0,,,,,
vision,/root/autodl-tmp/snn_revision_round3/models/formal_B/s9721_T2_lr2e-05/step2048.pt,213a0d1551cb3c304f276e974ef4ce97de85489c68df81150bd8139c4a0491c4,B_s9721_a2_K2048,B,12550.0,adapted,9721.0,2.0,2e-05,2048,primary,graph,B_s9721_a2_K2048_c4_e2_bn9740,2,bn_cross,1.4298455972772208,0.6396,graph,10000,4.0,9740.0,,,,,
vision,/root/autodl-tmp/snn_revision_round3/models/formal_B/s9721_T2_lr2e-05/step2048.pt,213a0d1551cb3c304f276e974ef4ce97de85489c68df81150bd8139c4a0491c4,B_s9721_a2_K2048,B,12550.0,adapted,9721.0,2.0,2e-05,2048,primary,graph,B_s9721_a2_K2048_c4_e4_bn9740,4,bn_cross,1.3143805683767016,0.6585,graph,10000,4.0,9740.0,,,,,
vision,/root/autodl-tmp/snn_revision_round3/models/formal_B/s9721_T2_lr2e-05/step2048.pt,213a0d1551cb3c304f276e974ef4ce97de85489c68df81150bd8139c4a0491c4,B_s9721_a2_K2048,B,12550.0,adapted,9721.0,2.0,2e-05,2048,primary,graph,B_s9721_a2_K2048_c2_e2_bn9840,2,bn_cross,1.410285050534003,0.6444,graph,10000,2.0,9840.0,,,,,
vision,/root/autodl-tmp/snn_revision_round3/models/formal_B/s9721_T2_lr2e-05/step2048.pt,213a0d1551cb3c304f276e974ef4ce97de85489c68df81150bd8139c4a0491c4,B_s9721_a2_K2048,B,12550.0,adapted,9721.0,2.0,2e-05,2048,primary,graph,B_s9721_a2_K2048_c2_e4_bn9840,4,bn_cross,1.3460803314377263,0.6526,graph,10000,2.0,9840.0,,,,,
vision,/root/autodl-tmp/snn_revision_round3/models/formal_B/s9721_T2_lr2e-05/step2048.pt,213a0d1551cb3c304f276e974ef4ce97de85489c68df81150bd8139c4a0491c4,B_s9721_a2_K2048,B,12550.0,adapted,9721.0,2.0,2e-05,2048,primary,graph,B_s9721_a2_K2048_c4_e2_bn9840,2,bn_cross,1.4402012533454807,0.6379,graph,10000,4.0,9840.0,,,,,
vision,/root/autodl-tmp/snn_revision_round3/models/formal_B/s9721_T2_lr2e-05/step2048.pt,213a0d1551cb3c304f276e974ef4ce97de85489c68df81150bd8139c4a0491c4,B_s9721_a2_K2048,B,12550.0,adapted,9721.0,2.0,2e-05,2048,primary,graph,B_s9721_a2_K2048_c4_e4_bn9840,4,bn_cross,1.3199587336408847,0.6596,graph,10000,4.0,9840.0,,,,,
vision,/root/autodl-tmp/snn_revision_round3/models/formal_B/s9721_T4_lr2e-05/step512.pt,e565508bb6443e9e13e9c60e6806781ec5041a13d29cef04287a12dc7b945fed,B_s9721_a4_K512,B,12550.0,adapted,9721.0,4.0,2e-05,512,primary,graph,B_s9721_a4_K512_e2_raw,2,raw,1.6354914076145273,0.62,graph,10000,,,,,,,
vision,/root/autodl-tmp/snn_revision_round3/models/formal_B/s9721_T4_lr2e-05/step512.pt,e565508bb6443e9e13e9c60e6806781ec5041a13d29cef04287a12dc7b945fed,B_s9721_a4_K512,B,12550.0,adapted,9721.0,4.0,2e-05,512,primary,graph,B_s9721_a4_K512_e4_raw,4,raw,1.4117138140580383,0.6617,graph,10000,,,,,,,
vision,/root/autodl-tmp/snn_revision_round3/models/formal_B/s9721_T4_lr2e-05/step512.pt,e565508bb6443e9e13e9c60e6806781ec5041a13d29cef04287a12dc7b945fed,B_s9721_a4_K512,B,12550.0,adapted,9721.0,4.0,2e-05,512,primary,graph,B_s9721_a4_K512_c2_e2_bn9640,2,bn_cross,1.580030536674708,0.6267,graph,10000,2.0,9640.0,,,,,
vision,/root/autodl-tmp/snn_revision_round3/models/formal_B/s9721_T4_lr2e-05/step512.pt,e565508bb6443e9e13e9c60e6806781ec5041a13d29cef04287a12dc7b945fed,B_s9721_a4_K512,B,12550.0,adapted,9721.0,4.0,2e-05,512,primary,graph,B_s9721_a4_K512_c4_e4_bn9640,4,bn_cross,1.329470367040462,0.6657,graph,10000,4.0,9640.0,,,,,
vision,/root/autodl-tmp/snn_revision_round3/models/formal_B/s9721_T4_lr2e-05/step1024.pt,85983fc7f13ef18bf535b85e0e5d76ed9dbb3471f5f4315a8146d900cd796cbd,B_s9721_a4_K1024,B,12550.0,adapted,9721.0,4.0,2e-05,1024,primary,graph,B_s9721_a4_K1024_e2_raw,2,raw,1.652467502854718,0.619,graph,10000,,,,,,,
vision,/root/autodl-tmp/snn_revision_round3/models/formal_B/s9721_T4_lr2e-05/step1024.pt,85983fc7f13ef18bf535b85e0e5d76ed9dbb3471f5f4315a8146d900cd796cbd,B_s9721_a4_K1024,B,12550.0,adapted,9721.0,4.0,2e-05,1024,primary,graph,B_s9721_a4_K1024_e4_raw,4,raw,1.4357492006544723,0.6598,graph,10000,,,,,,,
vision,/root/autodl-tmp/snn_revision_round3/models/formal_B/s9721_T4_lr2e-05/step1024.pt,85983fc7f13ef18bf535b85e0e5d76ed9dbb3471f5f4315a8146d900cd796cbd,B_s9721_a4_K1024,B,12550.0,adapted,9721.0,4.0,2e-05,1024,primary,graph,B_s9721_a4_K1024_c2_e2_bn9640,2,bn_cross,1.5918378707612866,0.632,graph,10000,2.0,9640.0,,,,,
vision,/root/autodl-tmp/snn_revision_round3/models/formal_B/s9721_T4_lr2e-05/step1024.pt,85983fc7f13ef18bf535b85e0e5d76ed9dbb3471f5f4315a8146d900cd796cbd,B_s9721_a4_K1024,B,12550.0,adapted,9721.0,4.0,2e-05,1024,primary,graph,B_s9721_a4_K1024_c4_e4_bn9640,4,bn_cross,1.329428702737158,0.6666,graph,10000,4.0,9640.0,,,,,
vision,/root/autodl-tmp/snn_revision_round3/models/formal_B/s9721_T4_lr2e-05/step2048.pt,45865ca3df9f678904d60cd7876b18186239dc5d8d2a691bc562219095b36686,B_s9721_a4_K2048,B,12550.0,adapted,9721.0,4.0,2e-05,2048,primary,graph,B_s9721_a4_K2048_e2_raw,2,raw,1.6204921082162298,0.6211,graph,10000,,,,,,,
vision,/root/autodl-tmp/snn_revision_round3/models/formal_B/s9721_T4_lr2e-05/step2048.pt,45865ca3df9f678904d60cd7876b18186239dc5d8d2a691bc562219095b36686,B_s9721_a4_K2048,B,12550.0,adapted,9721.0,4.0,2e-05,2048,primary,graph,B_s9721_a4_K2048_e4_raw,4,raw,1.401789091871516,0.6655,graph,10000,,,,,,,
vision,/root/autodl-tmp/snn_revision_round3/models/formal_B/s9721_T4_lr2e-05/step2048.pt,45865ca3df9f678904d60cd7876b18186239dc5d8d2a691bc562219095b36686,B_s9721_a4_K2048,B,12550.0,adapted,9721.0,4.0,2e-05,2048,primary,graph,B_s9721_a4_K2048_c2_e2_bn9640,2,bn_cross,1.5781554041861556,0.6315,graph,10000,2.0,9640.0,,,,,
vision,/root/autodl-tmp/snn_revision_round3/models/formal_B/s9721_T4_lr2e-05/step2048.pt,45865ca3df9f678904d60cd7876b18186239dc5d8d2a691bc562219095b36686,B_s9721_a4_K2048,B,12550.0,adapted,9721.0,4.0,2e-05,2048,primary,graph,B_s9721_a4_K2048_c2_e4_bn9640,4,bn_cross,1.445712355540879,0.6439,graph,10000,2.0,9640.0,,,,,
vision,/root/autodl-tmp/snn_revision_round3/models/formal_B/s9721_T4_lr2e-05/step2048.pt,45865ca3df9f678904d60cd7876b18186239dc5d8d2a691bc562219095b36686,B_s9721_a4_K2048,B,12550.0,adapted,9721.0,4.0,2e-05,2048,primary,graph,B_s9721_a4_K2048_c4_e2_bn9640,2,bn_cross,1.525176611581305,0.6337,graph,10000,4.0,9640.0,,,,,
vision,/root/autodl-tmp/snn_revision_round3/models/formal_B/s9721_T4_lr2e-05/step2048.pt,45865ca3df9f678904d60cd7876b18186239dc5d8d2a691bc562219095b36686,B_s9721_a4_K2048,B,12550.0,adapted,9721.0,4.0,2e-05,2048,primary,graph,B_s9721_a4_K2048_c4_e4_bn9640,4,bn_cross,1.3198437925902893,0.6702,graph,10000,4.0,9640.0,,,,,
vision,/root/autodl-tmp/snn_revision_round3/models/formal_B/s9721_T4_lr2e-05/step2048.pt,45865ca3df9f678904d60cd7876b18186239dc5d8d2a691bc562219095b36686,B_s9721_a4_K2048,B,12550.0,adapted,9721.0,4.0,2e-05,2048,primary,graph,B_s9721_a4_K2048_c2_e2_bn9740,2,bn_cross,1.579265180596942,0.6277,graph,10000,2.0,9740.0,,,,,
vision,/root/autodl-tmp/snn_revision_round3/models/formal_B/s9721_T4_lr2e-05/step2048.pt,45865ca3df9f678904d60cd7876b18186239dc5d8d2a691bc562219095b36686,B_s9721_a4_K2048,B,12550.0,adapted,9721.0,4.0,2e-05,2048,primary,graph,B_s9721_a4_K2048_c2_e4_bn9740,4,bn_cross,1.4466539325213292,0.6478,graph,10000,2.0,9740.0,,,,,
vision,/root/autodl-tmp/snn_revision_round3/models/formal_B/s9721_T4_lr2e-05/step2048.pt,45865ca3df9f678904d60cd7876b18186239dc5d8d2a691bc562219095b36686,B_s9721_a4_K2048,B,12550.0,adapted,9721.0,4.0,2e-05,2048,primary,graph,B_s9721_a4_K2048_c4_e2_bn9740,2,bn_cross,1.5221367673433852,0.6333,graph,10000,4.0,9740.0,,,,,
vision,/root/autodl-tmp/snn_revision_round3/models/formal_B/s9721_T4_lr2e-05/step2048.pt,45865ca3df9f678904d60cd7876b18186239dc5d8d2a691bc562219095b36686,B_s9721_a4_K2048,B,12550.0,adapted,9721.0,4.0,2e-05,2048,primary,graph,B_s9721_a4_K2048_c4_e4_bn9740,4,bn_cross,1.31717109865105,0.6688,graph,10000,4.0,9740.0,,,,,
vision,/root/autodl-tmp/snn_revision_round3/models/formal_B/s9721_T4_lr2e-05/step2048.pt,45865ca3df9f678904d60cd7876b18186239dc5d8d2a691bc562219095b36686,B_s9721_a4_K2048,B,12550.0,adapted,9721.0,4.0,2e-05,2048,primary,graph,B_s9721_a4_K2048_c2_e2_bn9840,2,bn_cross,1.5820040212600026,0.6299,graph,10000,2.0,9840.0,,,,,
vision,/root/autodl-tmp/snn_revision_round3/models/formal_B/s9721_T4_lr2e-05/step2048.pt,45865ca3df9f678904d60cd7876b18186239dc5d8d2a691bc562219095b36686,B_s9721_a4_K2048,B,12550.0,adapted,9721.0,4.0,2e-05,2048,primary,graph,B_s9721_a4_K2048_c2_e4_bn9840,4,bn_cross,1.4457703809999163,0.6458,graph,10000,2.0,9840.0,,,,,
vision,/root/autodl-tmp/snn_revision_round3/models/formal_B/s9721_T4_lr2e-05/step2048.pt,45865ca3df9f678904d60cd7876b18186239dc5d8d2a691bc562219095b36686,B_s9721_a4_K2048,B,12550.0,adapted,9721.0,4.0,2e-05,2048,primary,graph,B_s9721_a4_K2048_c4_e2_bn9840,2,bn_cross,1.5260020405985066,0.6326,graph,10000,4.0,9840.0,,,,,
vision,/root/autodl-tmp/snn_revision_round3/models/formal_B/s9721_T4_lr2e-05/step2048.pt,45865ca3df9f678904d60cd7876b18186239dc5d8d2a691bc562219095b36686,B_s9721_a4_K2048,B,12550.0,adapted,9721.0,4.0,2e-05,2048,primary,graph,B_s9721_a4_K2048_c4_e4_bn9840,4,bn_cross,1.3212317296596594,0.6658,graph,10000,4.0,9840.0,,,,,
vision,/root/autodl-tmp/snn_revision_round3/models/formal_B/s9722_T2_lr2e-05/step512.pt,59b5b4771ff10aa7013525471027463bdb47f22b8f5b595e793c5e6bb5af3e4d,B_s9722_a2_K512,B,12550.0,adapted,9722.0,2.0,2e-05,512,primary,graph,B_s9722_a2_K512_e2_raw,2,raw,1.5198176911550807,0.6316,graph,10000,,,,,,,
vision,/root/autodl-tmp/snn_revision_round3/models/formal_B/s9722_T2_lr2e-05/step512.pt,59b5b4771ff10aa7013525471027463bdb47f22b8f5b595e793c5e6bb5af3e4d,B_s9722_a2_K512,B,12550.0,adapted,9722.0,2.0,2e-05,512,primary,graph,B_s9722_a2_K512_e4_raw,4,raw,1.4443775977532496,0.6415,graph,10000,,,,,,,
vision,/root/autodl-tmp/snn_revision_round3/models/formal_B/s9722_T2_lr2e-05/step512.pt,59b5b4771ff10aa7013525471027463bdb47f22b8f5b595e793c5e6bb5af3e4d,B_s9722_a2_K512,B,12550.0,adapted,9722.0,2.0,2e-05,512,primary,graph,B_s9722_a2_K512_c2_e2_bn9640,2,bn_cross,1.4341820125382276,0.6385,graph,10000,2.0,9640.0,,,,,
vision,/root/autodl-tmp/snn_revision_round3/models/formal_B/s9722_T2_lr2e-05/step512.pt,59b5b4771ff10aa7013525471027463bdb47f22b8f5b595e793c5e6bb5af3e4d,B_s9722_a2_K512,B,12550.0,adapted,9722.0,2.0,2e-05,512,primary,graph,B_s9722_a2_K512_c4_e4_bn9640,4,bn_cross,1.3112039351725602,0.6529,graph,10000,4.0,9640.0,,,,,
vision,/root/autodl-tmp/snn_revision_round3/models/formal_B/s9722_T2_lr2e-05/step1024.pt,32809b9b478e70fdaf3baf6621dca32587f6d7d70b2927d8a7cceddc66dbd65f,B_s9722_a2_K1024,B,12550.0,adapted,9722.0,2.0,2e-05,1024,primary,graph,B_s9722_a2_K1024_e2_raw,2,raw,1.5223177659586304,0.6333,graph,10000,,,,,,,
vision,/root/autodl-tmp/snn_revision_round3/models/formal_B/s9722_T2_lr2e-05/step1024.pt,32809b9b478e70fdaf3baf6621dca32587f6d7d70b2927d8a7cceddc66dbd65f,B_s9722_a2_K1024,B,12550.0,adapted,9722.0,2.0,2e-05,1024,primary,graph,B_s9722_a2_K1024_e4_raw,4,raw,1.4443521097023855,0.6403,graph,10000,,,,,,,
vision,/root/autodl-tmp/snn_revision_round3/models/formal_B/s9722_T2_lr2e-05/step1024.pt,32809b9b478e70fdaf3baf6621dca32587f6d7d70b2927d8a7cceddc66dbd65f,B_s9722_a2_K1024,B,12550.0,adapted,9722.0,2.0,2e-05,1024,primary,graph,B_s9722_a2_K1024_c2_e2_bn9640,2,bn_cross,1.418961357223324,0.6445,graph,10000,2.0,9640.0,,,,,
vision,/root/autodl-tmp/snn_revision_round3/models/formal_B/s9722_T2_lr2e-05/step1024.pt,32809b9b478e70fdaf3baf6621dca32587f6d7d70b2927d8a7cceddc66dbd65f,B_s9722_a2_K1024,B,12550.0,adapted,9722.0,2.0,2e-05,1024,primary,graph,B_s9722_a2_K1024_c4_e4_bn9640,4,bn_cross,1.3101740081010735,0.6579,graph,10000,4.0,9640.0,,,,,
vision,/root/autodl-tmp/snn_revision_round3/models/formal_B/s9722_T2_lr2e-05/step2048.pt,f8f6199cf02c1128a5976931025571085b7b318a0b047ae375faa095ffdb8733,B_s9722_a2_K2048,B,12550.0,adapted,9722.0,2.0,2e-05,2048,primary,graph,B_s9722_a2_K2048_e2_raw,2,raw,1.5014170421778457,0.6387,graph,10000,,,,,,,
vision,/root/autodl-tmp/snn_revision_round3/models/formal_B/s9722_T2_lr2e-05/step2048.pt,f8f6199cf02c1128a5976931025571085b7b318a0b047ae375faa095ffdb8733,B_s9722_a2_K2048,B,12550.0,adapted,9722.0,2.0,2e-05,2048,primary,graph,B_s9722_a2_K2048_e4_raw,4,raw,1.4381808155379026,0.6457,graph,10000,,,,,,,
vision,/root/autodl-tmp/snn_revision_round3/models/formal_B/s9722_T2_lr2e-05/step2048.pt,f8f6199cf02c1128a5976931025571085b7b318a0b047ae375faa095ffdb8733,B_s9722_a2_K2048,B,12550.0,adapted,9722.0,2.0,2e-05,2048,primary,graph,B_s9722_a2_K2048_c2_e2_bn9640,2,bn_cross,1.4095048152290983,0.6484,graph,10000,2.0,9640.0,,,,,
vision,/root/autodl-tmp/snn_revision_round3/models/formal_B/s9722_T2_lr2e-05/step2048.pt,f8f6199cf02c1128a5976931025571085b7b318a0b047ae375faa095ffdb8733,B_s9722_a2_K2048,B,12550.0,adapted,9722.0,2.0,2e-05,2048,primary,graph,B_s9722_a2_K2048_c2_e4_bn9640,4,bn_cross,1.3387744206916599,0.6556,graph,10000,2.0,9640.0,,,,,
vision,/root/autodl-tmp/snn_revision_round3/models/formal_B/s9722_T2_lr2e-05/step2048.pt,f8f6199cf02c1128a5976931025571085b7b318a0b047ae375faa095ffdb8733,B_s9722_a2_K2048,B,12550.0,adapted,9722.0,2.0,2e-05,2048,primary,graph,B_s9722_a2_K2048_c4_e2_bn9640,2,bn_cross,1.4420290322175482,0.6351,graph,10000,4.0,9640.0,,,,,
vision,/root/autodl-tmp/snn_revision_round3/models/formal_B/s9722_T2_lr2e-05/step2048.pt,f8f6199cf02c1128a5976931025571085b7b318a0b047ae375faa095ffdb8733,B_s9722_a2_K2048,B,12550.0,adapted,9722.0,2.0,2e-05,2048,primary,graph,B_s9722_a2_K2048_c4_e4_bn9640,4,bn_cross,1.3196590876445349,0.657,graph,10000,4.0,9640.0,,,,,
vision,/root/autodl-tmp/snn_revision_round3/models/formal_B/s9722_T2_lr2e-05/step2048.pt,f8f6199cf02c1128a5976931025571085b7b318a0b047ae375faa095ffdb8733,B_s9722_a2_K2048,B,12550.0,adapted,9722.0,2.0,2e-05,2048,primary,graph,B_s9722_a2_K2048_c2_e2_bn9740,2,bn_cross,1.410171776603372,0.6461,graph,10000,2.0,9740.0,,,,,
vision,/root/autodl-tmp/snn_revision_round3/models/formal_B/s9722_T2_lr2e-05/step2048.pt,f8f6199cf02c1128a5976931025571085b7b318a0b047ae375faa095ffdb8733,B_s9722_a2_K2048,B,12550.0,adapted,9722.0,2.0,2e-05,2048,primary,graph,B_s9722_a2_K2048_c2_e4_bn9740,4,bn_cross,1.3471635664390285,0.6499,graph,10000,2.0,9740.0,,,,,
vision,/root/autodl-tmp/snn_revision_round3/models/formal_B/s9722_T2_lr2e-05/step2048.pt,f8f6199cf02c1128a5976931025571085b7b318a0b047ae375faa095ffdb8733,B_s9722_a2_K2048,B,12550.0,adapted,9722.0,2.0,2e-05,2048,primary,graph,B_s9722_a2_K2048_c4_e2_bn9740,2,bn_cross,1.4372162435464562,0.6389,graph,10000,4.0,9740.0,,,,,
vision,/root/autodl-tmp/snn_revision_round3/models/formal_B/s9722_T2_lr2e-05/step2048.pt,f8f6199cf02c1128a5976931025571085b7b318a0b047ae375faa095ffdb8733,B_s9722_a2_K2048,B,12550.0,adapted,9722.0,2.0,2e-05,2048,primary,graph,B_s9722_a2_K2048_c4_e4_bn9740,4,bn_cross,1.3148447298896033,0.6572,graph,10000,4.0,9740.0,,,,,
vision,/root/autodl-tmp/snn_revision_round3/models/formal_B/s9722_T2_lr2e-05/step2048.pt,f8f6199cf02c1128a5976931025571085b7b318a0b047ae375faa095ffdb8733,B_s9722_a2_K2048,B,12550.0,adapted,9722.0,2.0,2e-05,2048,primary,graph,B_s9722_a2_K2048_c2_e2_bn9840,2,bn_cross,1.4084276241525484,0.6497,graph,10000,2.0,9840.0,,,,,
vision,/root/autodl-tmp/snn_revision_round3/models/formal_B/s9722_T2_lr2e-05/step2048.pt,f8f6199cf02c1128a5976931025571085b7b318a0b047ae375faa095ffdb8733,B_s9722_a2_K2048,B,12550.0,adapted,9722.0,2.0,2e-05,2048,primary,graph,B_s9722_a2_K2048_c2_e4_bn9840,4,bn_cross,1.3434958818157146,0.6531,graph,10000,2.0,9840.0,,,,,
vision,/root/autodl-tmp/snn_revision_round3/models/formal_B/s9722_T2_lr2e-05/step2048.pt,f8f6199cf02c1128a5976931025571085b7b318a0b047ae375faa095ffdb8733,B_s9722_a2_K2048,B,12550.0,adapted,9722.0,2.0,2e-05,2048,primary,graph,B_s9722_a2_K2048_c4_e2_bn9840,2,bn_cross,1.4432861102869734,0.6344,graph,10000,4.0,9840.0,,,,,
vision,/root/autodl-tmp/snn_revision_round3/models/formal_B/s9722_T2_lr2e-05/step2048.pt,f8f6199cf02c1128a5976931025571085b7b318a0b047ae375faa095ffdb8733,B_s9722_a2_K2048,B,12550.0,adapted,9722.0,2.0,2e-05,2048,primary,graph,B_s9722_a2_K2048_c4_e4_bn9840,4,bn_cross,1.3195748521563073,0.6562,graph,10000,4.0,9840.0,,,,,
vision,/root/autodl-tmp/snn_revision_round3/models/formal_B/s9722_T4_lr2e-05/step512.pt,d8a908a2e8bfa538d3abc9e8d85a95af7dd8ea67aaf619a1c6606542f13da110,B_s9722_a4_K512,B,12550.0,adapted,9722.0,4.0,2e-05,512,primary,graph,B_s9722_a4_K512_e2_raw,2,raw,1.6436742697633804,0.6166,graph,10000,,,,,,,
vision,/root/autodl-tmp/snn_revision_round3/models/formal_B/s9722_T4_lr2e-05/step512.pt,d8a908a2e8bfa538d3abc9e8d85a95af7dd8ea67aaf619a1c6606542f13da110,B_s9722_a4_K512,B,12550.0,adapted,9722.0,4.0,2e-05,512,primary,graph,B_s9722_a4_K512_e4_raw,4,raw,1.4305124874614412,0.6606,graph,10000,,,,,,,
vision,/root/autodl-tmp/snn_revision_round3/models/formal_B/s9722_T4_lr2e-05/step512.pt,d8a908a2e8bfa538d3abc9e8d85a95af7dd8ea67aaf619a1c6606542f13da110,B_s9722_a4_K512,B,12550.0,adapted,9722.0,4.0,2e-05,512,primary,graph,B_s9722_a4_K512_c2_e2_bn9640,2,bn_cross,1.5866700869825203,0.6285,graph,10000,2.0,9640.0,,,,,
vision,/root/autodl-tmp/snn_revision_round3/models/formal_B/s9722_T4_lr2e-05/step512.pt,d8a908a2e8bfa538d3abc9e8d85a95af7dd8ea67aaf619a1c6606542f13da110,B_s9722_a4_K512,B,12550.0,adapted,9722.0,4.0,2e-05,512,primary,graph,B_s9722_a4_K512_c4_e4_bn9640,4,bn_cross,1.331562484329805,0.6617,graph,10000,4.0,9640.0,,,,,
vision,/root/autodl-tmp/snn_revision_round3/models/formal_B/s9722_T4_lr2e-05/step1024.pt,ac940d34d983c4e1835164c3dd9ca841acd35dbb8cddc8d5248db44b6bc7b805,B_s9722_a4_K1024,B,12550.0,adapted,9722.0,4.0,2e-05,1024,primary,graph,B_s9722_a4_K1024_e2_raw,2,raw,1.6671367207173724,0.6147,graph,10000,,,,,,,
vision,/root/autodl-tmp/snn_revision_round3/models/formal_B/s9722_T4_lr2e-05/step1024.pt,ac940d34d983c4e1835164c3dd9ca841acd35dbb8cddc8d5248db44b6bc7b805,B_s9722_a4_K1024,B,12550.0,adapted,9722.0,4.0,2e-05,1024,primary,graph,B_s9722_a4_K1024_e4_raw,4,raw,1.441214747261803,0.656,graph,10000,,,,,,,
vision,/root/autodl-tmp/snn_revision_round3/models/formal_B/s9722_T4_lr2e-05/step1024.pt,ac940d34d983c4e1835164c3dd9ca841acd35dbb8cddc8d5248db44b6bc7b805,B_s9722_a4_K1024,B,12550.0,adapted,9722.0,4.0,2e-05,1024,primary,graph,B_s9722_a4_K1024_c2_e2_bn9640,2,bn_cross,1.5836171374773607,0.6332,graph,10000,2.0,9640.0,,,,,
vision,/root/autodl-tmp/snn_revision_round3/models/formal_B/s9722_T4_lr2e-05/step1024.pt,ac940d34d983c4e1835164c3dd9ca841acd35dbb8cddc8d5248db44b6bc7b805,B_s9722_a4_K1024,B,12550.0,adapted,9722.0,4.0,2e-05,1024,primary,graph,B_s9722_a4_K1024_c4_e4_bn9640,4,bn_cross,1.326970990133204,0.6651,graph,10000,4.0,9640.0,,,,,
vision,/root/autodl-tmp/snn_revision_round3/models/formal_B/s9722_T4_lr2e-05/step2048.pt,22fca606bd2e195f0c2c585f68f1fe40a4de250b7e16494ae2aabf99f91e4bc5,B_s9722_a4_K2048,B,12550.0,adapted,9722.0,4.0,2e-05,2048,primary,graph,B_s9722_a4_K2048_e2_raw,2,raw,1.6337285806881263,0.6219,graph,10000,,,,,,,
vision,/root/autodl-tmp/snn_revision_round3/models/formal_B/s9722_T4_lr2e-05/step2048.pt,22fca606bd2e195f0c2c585f68f1fe40a4de250b7e16494ae2aabf99f91e4bc5,B_s9722_a4_K2048,B,12550.0,adapted,9722.0,4.0,2e-05,2048,primary,graph,B_s9722_a4_K2048_e4_raw,4,raw,1.4261630250821822,0.6572,graph,10000,,,,,,,
vision,/root/autodl-tmp/snn_revision_round3/models/formal_B/s9722_T4_lr2e-05/step2048.pt,22fca606bd2e195f0c2c585f68f1fe40a4de250b7e16494ae2aabf99f91e4bc5,B_s9722_a4_K2048,B,12550.0,adapted,9722.0,4.0,2e-05,2048,primary,graph,B_s9722_a4_K2048_c2_e2_bn9640,2,bn_cross,1.5696228942125103,0.6311,graph,10000,2.0,9640.0,,,,,
vision,/root/autodl-tmp/snn_revision_round3/models/formal_B/s9722_T4_lr2e-05/step2048.pt,22fca606bd2e195f0c2c585f68f1fe40a4de250b7e16494ae2aabf99f91e4bc5,B_s9722_a4_K2048,B,12550.0,adapted,9722.0,4.0,2e-05,2048,primary,graph,B_s9722_a4_K2048_c2_e4_bn9640,4,bn_cross,1.4344413032838144,0.6485,graph,10000,2.0,9640.0,,,,,
vision,/root/autodl-tmp/snn_revision_round3/models/formal_B/s9722_T4_lr2e-05/step2048.pt,22fca606bd2e195f0c2c585f68f1fe40a4de250b7e16494ae2aabf99f91e4bc5,B_s9722_a4_K2048,B,12550.0,adapted,9722.0,4.0,2e-05,2048,primary,graph,B_s9722_a4_K2048_c4_e2_bn9640,2,bn_cross,1.528026577140158,0.6338,graph,10000,4.0,9640.0,,,,,
vision,/root/autodl-tmp/snn_revision_round3/models/formal_B/s9722_T4_lr2e-05/step2048.pt,22fca606bd2e195f0c2c585f68f1fe40a4de250b7e16494ae2aabf99f91e4bc5,B_s9722_a4_K2048,B,12550.0,adapted,9722.0,4.0,2e-05,2048,primary,graph,B_s9722_a4_K2048_c4_e4_bn9640,4,bn_cross,1.3217430229879916,0.6679,graph,10000,4.0,9640.0,,,,,
vision,/root/autodl-tmp/snn_revision_round3/models/formal_B/s9722_T4_lr2e-05/step2048.pt,22fca606bd2e195f0c2c585f68f1fe40a4de250b7e16494ae2aabf99f91e4bc5,B_s9722_a4_K2048,B,12550.0,adapted,9722.0,4.0,2e-05,2048,primary,graph,B_s9722_a4_K2048_c2_e2_bn9740,2,bn_cross,1.5619055624038913,0.6341,graph,10000,2.0,9740.0,,,,,
vision,/root/autodl-tmp/snn_revision_round3/models/formal_B/s9722_T4_lr2e-05/step2048.pt,22fca606bd2e195f0c2c585f68f1fe40a4de250b7e16494ae2aabf99f91e4bc5,B_s9722_a4_K2048,B,12550.0,adapted,9722.0,4.0,2e-05,2048,primary,graph,B_s9722_a4_K2048_c2_e4_bn9740,4,bn_cross,1.435547849139129,0.6489,graph,10000,2.0,9740.0,,,,,
vision,/root/autodl-tmp/snn_revision_round3/models/formal_B/s9722_T4_lr2e-05/step2048.pt,22fca606bd2e195f0c2c585f68f1fe40a4de250b7e16494ae2aabf99f91e4bc5,B_s9722_a4_K2048,B,12550.0,adapted,9722.0,4.0,2e-05,2048,primary,graph,B_s9722_a4_K2048_c4_e2_bn9740,2,bn_cross,1.5205466687589417,0.633,graph,10000,4.0,9740.0,,,,,
vision,/root/autodl-tmp/snn_revision_round3/models/formal_B/s9722_T4_lr2e-05/step2048.pt,22fca606bd2e195f0c2c585f68f1fe40a4de250b7e16494ae2aabf99f91e4bc5,B_s9722_a4_K2048,B,12550.0,adapted,9722.0,4.0,2e-05,2048,primary,graph,B_s9722_a4_K2048_c4_e4_bn9740,4,bn_cross,1.3190461602698895,0.666,graph,10000,4.0,9740.0,,,,,
vision,/root/autodl-tmp/snn_revision_round3/models/formal_B/s9722_T4_lr2e-05/step2048.pt,22fca606bd2e195f0c2c585f68f1fe40a4de250b7e16494ae2aabf99f91e4bc5,B_s9722_a4_K2048,B,12550.0,adapted,9722.0,4.0,2e-05,2048,primary,graph,B_s9722_a4_K2048_c2_e2_bn9840,2,bn_cross,1.5704389090479818,0.6324,graph,10000,2.0,9840.0,,,,,
vision,/root/autodl-tmp/snn_revision_round3/models/formal_B/s9722_T4_lr2e-05/step2048.pt,22fca606bd2e195f0c2c585f68f1fe40a4de250b7e16494ae2aabf99f91e4bc5,B_s9722_a4_K2048,B,12550.0,adapted,9722.0,4.0,2e-05,2048,primary,graph,B_s9722_a4_K2048_c2_e4_bn9840,4,bn_cross,1.4340667940982617,0.6501,graph,10000,2.0,9840.0,,,,,
vision,/root/autodl-tmp/snn_revision_round3/models/formal_B/s9722_T4_lr2e-05/step2048.pt,22fca606bd2e195f0c2c585f68f1fe40a4de250b7e16494ae2aabf99f91e4bc5,B_s9722_a4_K2048,B,12550.0,adapted,9722.0,4.0,2e-05,2048,primary,graph,B_s9722_a4_K2048_c4_e2_bn9840,2,bn_cross,1.5345069262092468,0.6308,graph,10000,4.0,9840.0,,,,,
vision,/root/autodl-tmp/snn_revision_round3/models/formal_B/s9722_T4_lr2e-05/step2048.pt,22fca606bd2e195f0c2c585f68f1fe40a4de250b7e16494ae2aabf99f91e4bc5,B_s9722_a4_K2048,B,12550.0,adapted,9722.0,4.0,2e-05,2048,primary,graph,B_s9722_a4_K2048_c4_e4_bn9840,4,bn_cross,1.323349649809755,0.6649,graph,10000,4.0,9840.0,,,,,
vision,/root/autodl-tmp/snn_revision_round3/models/formal_B/s9723_T2_lr2e-05/step512.pt,e9e8d6c99c646520ce8eadcdeba25d30cad0f1d777091c5c0f5d1547e8e466a5,B_s9723_a2_K512,B,12550.0,adapted,9723.0,2.0,2e-05,512,primary,graph,B_s9723_a2_K512_e2_raw,2,raw,1.5527414861291646,0.6255,graph,10000,,,,,,,
vision,/root/autodl-tmp/snn_revision_round3/models/formal_B/s9723_T2_lr2e-05/step512.pt,e9e8d6c99c646520ce8eadcdeba25d30cad0f1d777091c5c0f5d1547e8e466a5,B_s9723_a2_K512,B,12550.0,adapted,9723.0,2.0,2e-05,512,primary,graph,B_s9723_a2_K512_e4_raw,4,raw,1.4910758131240494,0.6321,graph,10000,,,,,,,
vision,/root/autodl-tmp/snn_revision_round3/models/formal_B/s9723_T2_lr2e-05/step512.pt,e9e8d6c99c646520ce8eadcdeba25d30cad0f1d777091c5c0f5d1547e8e466a5,B_s9723_a2_K512,B,12550.0,adapted,9723.0,2.0,2e-05,512,primary,graph,B_s9723_a2_K512_c2_e2_bn9640,2,bn_cross,1.4247504980158527,0.6433,graph,10000,2.0,9640.0,,,,,
vision,/root/autodl-tmp/snn_revision_round3/models/formal_B/s9723_T2_lr2e-05/step512.pt,e9e8d6c99c646520ce8eadcdeba25d30cad0f1d777091c5c0f5d1547e8e466a5,B_s9723_a2_K512,B,12550.0,adapted,9723.0,2.0,2e-05,512,primary,graph,B_s9723_a2_K512_c4_e4_bn9640,4,bn_cross,1.3056211301650211,0.6592,graph,10000,4.0,9640.0,,,,,
vision,/root/autodl-tmp/snn_revision_round3/models/formal_B/s9723_T2_lr2e-05/step1024.pt,6cebeddd049c53d389d5be1f6a1b3feb80cf750a572ad2ff1b41b9687075c219,B_s9723_a2_K1024,B,12550.0,adapted,9723.0,2.0,2e-05,1024,primary,graph,B_s9723_a2_K1024_e2_raw,2,raw,1.4939068099759518,0.6359,graph,10000,,,,,,,
vision,/root/autodl-tmp/snn_revision_round3/models/formal_B/s9723_T2_lr2e-05/step1024.pt,6cebeddd049c53d389d5be1f6a1b3feb80cf750a572ad2ff1b41b9687075c219,B_s9723_a2_K1024,B,12550.0,adapted,9723.0,2.0,2e-05,1024,primary,graph,B_s9723_a2_K1024_e4_raw,4,raw,1.425416678312188,0.6451,graph,10000,,,,,,,
vision,/root/autodl-tmp/snn_revision_round3/models/formal_B/s9723_T2_lr2e-05/step1024.pt,6cebeddd049c53d389d5be1f6a1b3feb80cf750a572ad2ff1b41b9687075c219,B_s9723_a2_K1024,B,12550.0,adapted,9723.0,2.0,2e-05,1024,primary,graph,B_s9723_a2_K1024_c2_e2_bn9640,2,bn_cross,1.415953598129889,0.645,graph,10000,2.0,9640.0,,,,,
vision,/root/autodl-tmp/snn_revision_round3/models/formal_B/s9723_T2_lr2e-05/step1024.pt,6cebeddd049c53d389d5be1f6a1b3feb80cf750a572ad2ff1b41b9687075c219,B_s9723_a2_K1024,B,12550.0,adapted,9723.0,2.0,2e-05,1024,primary,graph,B_s9723_a2_K1024_c4_e4_bn9640,4,bn_cross,1.3082335192311614,0.6607,graph,10000,4.0,9640.0,,,,,
vision,/root/autodl-tmp/snn_revision_round3/models/formal_B/s9723_T2_lr2e-05/step2048.pt,c6f755c640ec5172c15b7952339ac3b27a82a58cc326126ee4a628274e485f67,B_s9723_a2_K2048,B,12550.0,adapted,9723.0,2.0,2e-05,2048,primary,graph,B_s9723_a2_K2048_e2_raw,2,raw,1.5236723329934174,0.6375,graph,10000,,,,,,,
vision,/root/autodl-tmp/snn_revision_round3/models/formal_B/s9723_T2_lr2e-05/step2048.pt,c6f755c640ec5172c15b7952339ac3b27a82a58cc326126ee4a628274e485f67,B_s9723_a2_K2048,B,12550.0,adapted,9723.0,2.0,2e-05,2048,primary,graph,B_s9723_a2_K2048_e4_raw,4,raw,1.461433906447969,0.6396,graph,10000,,,,,,,
vision,/root/autodl-tmp/snn_revision_round3/models/formal_B/s9723_T2_lr2e-05/step2048.pt,c6f755c640ec5172c15b7952339ac3b27a82a58cc326126ee4a628274e485f67,B_s9723_a2_K2048,B,12550.0,adapted,9723.0,2.0,2e-05,2048,primary,graph,B_s9723_a2_K2048_c2_e2_bn9640,2,bn_cross,1.4061471660303884,0.646,graph,10000,2.0,9640.0,,,,,
vision,/root/autodl-tmp/snn_revision_round3/models/formal_B/s9723_T2_lr2e-05/step2048.pt,c6f755c640ec5172c15b7952339ac3b27a82a58cc326126ee4a628274e485f67,B_s9723_a2_K2048,B,12550.0,adapted,9723.0,2.0,2e-05,2048,primary,graph,B_s9723_a2_K2048_c2_e4_bn9640,4,bn_cross,1.3432381532668776,0.6511,graph,10000,2.0,9640.0,,,,,
vision,/root/autodl-tmp/snn_revision_round3/models/formal_B/s9723_T2_lr2e-05/step2048.pt,c6f755c640ec5172c15b7952339ac3b27a82a58cc326126ee4a628274e485f67,B_s9723_a2_K2048,B,12550.0,adapted,9723.0,2.0,2e-05,2048,primary,graph,B_s9723_a2_K2048_c4_e2_bn9640,2,bn_cross,1.4391763683666126,0.634,graph,10000,4.0,9640.0,,,,,
vision,/root/autodl-tmp/snn_revision_round3/models/formal_B/s9723_T2_lr2e-05/step2048.pt,c6f755c640ec5172c15b7952339ac3b27a82a58cc326126ee4a628274e485f67,B_s9723_a2_K2048,B,12550.0,adapted,9723.0,2.0,2e-05,2048,primary,graph,B_s9723_a2_K2048_c4_e4_bn9640,4,bn_cross,1.3178824478666122,0.6562,graph,10000,4.0,9640.0,,,,,
vision,/root/autodl-tmp/snn_revision_round3/models/formal_B/s9723_T2_lr2e-05/step2048.pt,c6f755c640ec5172c15b7952339ac3b27a82a58cc326126ee4a628274e485f67,B_s9723_a2_K2048,B,12550.0,adapted,9723.0,2.0,2e-05,2048,primary,graph,B_s9723_a2_K2048_c2_e2_bn9740,2,bn_cross,1.4103217120381655,0.6485,graph,10000,2.0,9740.0,,,,,
vision,/root/autodl-tmp/snn_revision_round3/models/formal_B/s9723_T2_lr2e-05/step2048.pt,c6f755c640ec5172c15b7952339ac3b27a82a58cc326126ee4a628274e485f67,B_s9723_a2_K2048,B,12550.0,adapted,9723.0,2.0,2e-05,2048,primary,graph,B_s9723_a2_K2048_c2_e4_bn9740,4,bn_cross,1.3440208971822751,0.6511,graph,10000,2.0,9740.0,,,,,
vision,/root/autodl-tmp/snn_revision_round3/models/formal_B/s9723_T2_lr2e-05/step2048.pt,c6f755c640ec5172c15b7952339ac3b27a82a58cc326126ee4a628274e485f67,B_s9723_a2_K2048,B,12550.0,adapted,9723.0,2.0,2e-05,2048,primary,graph,B_s9723_a2_K2048_c4_e2_bn9740,2,bn_cross,1.4325061704515247,0.6399,graph,10000,4.0,9740.0,,,,,
vision,/root/autodl-tmp/snn_revision_round3/models/formal_B/s9723_T2_lr2e-05/step2048.pt,c6f755c640ec5172c15b7952339ac3b27a82a58cc326126ee4a628274e485f67,B_s9723_a2_K2048,B,12550.0,adapted,9723.0,2.0,2e-05,2048,primary,graph,B_s9723_a2_K2048_c4_e4_bn9740,4,bn_cross,1.313277287504566,0.6595,graph,10000,4.0,9740.0,,,,,
vision,/root/autodl-tmp/snn_revision_round3/models/formal_B/s9723_T2_lr2e-05/step2048.pt,c6f755c640ec5172c15b7952339ac3b27a82a58cc326126ee4a628274e485f67,B_s9723_a2_K2048,B,12550.0,adapted,9723.0,2.0,2e-05,2048,primary,graph,B_s9723_a2_K2048_c2_e2_bn9840,2,bn_cross,1.4072481342276966,0.643,graph,10000,2.0,9840.0,,,,,
vision,/root/autodl-tmp/snn_revision_round3/models/formal_B/s9723_T2_lr2e-05/step2048.pt,c6f755c640ec5172c15b7952339ac3b27a82a58cc326126ee4a628274e485f67,B_s9723_a2_K2048,B,12550.0,adapted,9723.0,2.0,2e-05,2048,primary,graph,B_s9723_a2_K2048_c2_e4_bn9840,4,bn_cross,1.340277287124304,0.6518,graph,10000,2.0,9840.0,,,,,
vision,/root/autodl-tmp/snn_revision_round3/models/formal_B/s9723_T2_lr2e-05/step2048.pt,c6f755c640ec5172c15b7952339ac3b27a82a58cc326126ee4a628274e485f67,B_s9723_a2_K2048,B,12550.0,adapted,9723.0,2.0,2e-05,2048,primary,graph,B_s9723_a2_K2048_c4_e2_bn9840,2,bn_cross,1.4405307047918556,0.6313,graph,10000,4.0,9840.0,,,,,
vision,/root/autodl-tmp/snn_revision_round3/models/formal_B/s9723_T2_lr2e-05/step2048.pt,c6f755c640ec5172c15b7952339ac3b27a82a58cc326126ee4a628274e485f67,B_s9723_a2_K2048,B,12550.0,adapted,9723.0,2.0,2e-05,2048,primary,graph,B_s9723_a2_K2048_c4_e4_bn9840,4,bn_cross,1.3164211498896592,0.6588,graph,10000,4.0,9840.0,,,,,
vision,/root/autodl-tmp/snn_revision_round3/models/formal_B/s9723_T4_lr2e-05/step512.pt,3f1375a01a19bbf21c9aba6264e9fedde54cb7bde346599a9a2c628f6c605ecb,B_s9723_a4_K512,B,12550.0,adapted,9723.0,4.0,2e-05,512,primary,graph,B_s9723_a4_K512_e2_raw,2,raw,1.6637117291188332,0.6133,graph,10000,,,,,,,
vision,/root/autodl-tmp/snn_revision_round3/models/formal_B/s9723_T4_lr2e-05/step512.pt,3f1375a01a19bbf21c9aba6264e9fedde54cb7bde346599a9a2c628f6c605ecb,B_s9723_a4_K512,B,12550.0,adapted,9723.0,4.0,2e-05,512,primary,graph,B_s9723_a4_K512_e4_raw,4,raw,1.460295649488666,0.6506,graph,10000,,,,,,,
vision,/root/autodl-tmp/snn_revision_round3/models/formal_B/s9723_T4_lr2e-05/step512.pt,3f1375a01a19bbf21c9aba6264e9fedde54cb7bde346599a9a2c628f6c605ecb,B_s9723_a4_K512,B,12550.0,adapted,9723.0,4.0,2e-05,512,primary,graph,B_s9723_a4_K512_c2_e2_bn9640,2,bn_cross,1.5889882184779272,0.6294,graph,10000,2.0,9640.0,,,,,
vision,/root/autodl-tmp/snn_revision_round3/models/formal_B/s9723_T4_lr2e-05/step512.pt,3f1375a01a19bbf21c9aba6264e9fedde54cb7bde346599a9a2c628f6c605ecb,B_s9723_a4_K512,B,12550.0,adapted,9723.0,4.0,2e-05,512,primary,graph,B_s9723_a4_K512_c4_e4_bn9640,4,bn_cross,1.332808543484623,0.6652,graph,10000,4.0,9640.0,,,,,
vision,/root/autodl-tmp/snn_revision_round3/models/formal_B/s9723_T4_lr2e-05/step1024.pt,ce4e98703b0285739d8c13f4b8b129d89726d500330c37289240cf338ec641f3,B_s9723_a4_K1024,B,12550.0,adapted,9723.0,4.0,2e-05,1024,primary,graph,B_s9723_a4_K1024_e2_raw,2,raw,1.6178867670850363,0.6239,graph,10000,,,,,,,
vision,/root/autodl-tmp/snn_revision_round3/models/formal_B/s9723_T4_lr2e-05/step1024.pt,ce4e98703b0285739d8c13f4b8b129d89726d500330c37289240cf338ec641f3,B_s9723_a4_K1024,B,12550.0,adapted,9723.0,4.0,2e-05,1024,primary,graph,B_s9723_a4_K1024_e4_raw,4,raw,1.4156319702039588,0.6536,graph,10000,,,,,,,
vision,/root/autodl-tmp/snn_revision_round3/models/formal_B/s9723_T4_lr2e-05/step1024.pt,ce4e98703b0285739d8c13f4b8b129d89726d500330c37289240cf338ec641f3,B_s9723_a4_K1024,B,12550.0,adapted,9723.0,4.0,2e-05,1024,primary,graph,B_s9723_a4_K1024_c2_e2_bn9640,2,bn_cross,1.5838377996634692,0.626,graph,10000,2.0,9640.0,,,,,
vision,/root/autodl-tmp/snn_revision_round3/models/formal_B/s9723_T4_lr2e-05/step1024.pt,ce4e98703b0285739d8c13f4b8b129d89726d500330c37289240cf338ec641f3,B_s9723_a4_K1024,B,12550.0,adapted,9723.0,4.0,2e-05,1024,primary,graph,B_s9723_a4_K1024_c4_e4_bn9640,4,bn_cross,1.323428981984593,0.6667,graph,10000,4.0,9640.0,,,,,
vision,/root/autodl-tmp/snn_revision_round3/models/formal_B/s9723_T4_lr2e-05/step2048.pt,30ea8ded7381f43cefe2dc5c0a4f520bb0a258ce8c63d4df8a2109861a42ac7c,B_s9723_a4_K2048,B,12550.0,adapted,9723.0,4.0,2e-05,2048,primary,graph,B_s9723_a4_K2048_e2_raw,2,raw,1.6422058631287888,0.6166,graph,10000,,,,,,,
vision,/root/autodl-tmp/snn_revision_round3/models/formal_B/s9723_T4_lr2e-05/step2048.pt,30ea8ded7381f43cefe2dc5c0a4f520bb0a258ce8c63d4df8a2109861a42ac7c,B_s9723_a4_K2048,B,12550.0,adapted,9723.0,4.0,2e-05,2048,primary,graph,B_s9723_a4_K2048_e4_raw,4,raw,1.4379427263406803,0.6567,graph,10000,,,,,,,
vision,/root/autodl-tmp/snn_revision_round3/models/formal_B/s9723_T4_lr2e-05/step2048.pt,30ea8ded7381f43cefe2dc5c0a4f520bb0a258ce8c63d4df8a2109861a42ac7c,B_s9723_a4_K2048,B,12550.0,adapted,9723.0,4.0,2e-05,2048,primary,graph,B_s9723_a4_K2048_c2_e2_bn9640,2,bn_cross,1.5679486909253524,0.6295,graph,10000,2.0,9640.0,,,,,
vision,/root/autodl-tmp/snn_revision_round3/models/formal_B/s9723_T4_lr2e-05/step2048.pt,30ea8ded7381f43cefe2dc5c0a4f520bb0a258ce8c63d4df8a2109861a42ac7c,B_s9723_a4_K2048,B,12550.0,adapted,9723.0,4.0,2e-05,2048,primary,graph,B_s9723_a4_K2048_c2_e4_bn9640,4,bn_cross,1.4327415461604833,0.6494,graph,10000,2.0,9640.0,,,,,
vision,/root/autodl-tmp/snn_revision_round3/models/formal_B/s9723_T4_lr2e-05/step2048.pt,30ea8ded7381f43cefe2dc5c0a4f520bb0a258ce8c63d4df8a2109861a42ac7c,B_s9723_a4_K2048,B,12550.0,adapted,9723.0,4.0,2e-05,2048,primary,graph,B_s9723_a4_K2048_c4_e2_bn9640,2,bn_cross,1.5257714622932486,0.6274,graph,10000,4.0,9640.0,,,,,
vision,/root/autodl-tmp/snn_revision_round3/models/formal_B/s9723_T4_lr2e-05/step2048.pt,30ea8ded7381f43cefe2dc5c0a4f520bb0a258ce8c63d4df8a2109861a42ac7c,B_s9723_a4_K2048,B,12550.0,adapted,9723.0,4.0,2e-05,2048,primary,graph,B_s9723_a4_K2048_c4_e4_bn9640,4,bn_cross,1.319841735863965,0.6666,graph,10000,4.0,9640.0,,,,,
vision,/root/autodl-tmp/snn_revision_round3/models/formal_B/s9723_T4_lr2e-05/step2048.pt,30ea8ded7381f43cefe2dc5c0a4f520bb0a258ce8c63d4df8a2109861a42ac7c,B_s9723_a4_K2048,B,12550.0,adapted,9723.0,4.0,2e-05,2048,primary,graph,B_s9723_a4_K2048_c2_e2_bn9740,2,bn_cross,1.5611643471972085,0.63,graph,10000,2.0,9740.0,,,,,
vision,/root/autodl-tmp/snn_revision_round3/models/formal_B/s9723_T4_lr2e-05/step2048.pt,30ea8ded7381f43cefe2dc5c0a4f520bb0a258ce8c63d4df8a2109861a42ac7c,B_s9723_a4_K2048,B,12550.0,adapted,9723.0,4.0,2e-05,2048,primary,graph,B_s9723_a4_K2048_c2_e4_bn9740,4,bn_cross,1.4320057526495658,0.6495,graph,10000,2.0,9740.0,,,,,
vision,/root/autodl-tmp/snn_revision_round3/models/formal_B/s9723_T4_lr2e-05/step2048.pt,30ea8ded7381f43cefe2dc5c0a4f520bb0a258ce8c63d4df8a2109861a42ac7c,B_s9723_a4_K2048,B,12550.0,adapted,9723.0,4.0,2e-05,2048,primary,graph,B_s9723_a4_K2048_c4_e2_bn9740,2,bn_cross,1.5236631140243728,0.6307,graph,10000,4.0,9740.0,,,,,
vision,/root/autodl-tmp/snn_revision_round3/models/formal_B/s9723_T4_lr2e-05/step2048.pt,30ea8ded7381f43cefe2dc5c0a4f520bb0a258ce8c63d4df8a2109861a42ac7c,B_s9723_a4_K2048,B,12550.0,adapted,9723.0,4.0,2e-05,2048,primary,graph,B_s9723_a4_K2048_c4_e4_bn9740,4,bn_cross,1.3192944749350892,0.6657,graph,10000,4.0,9740.0,,,,,
vision,/root/autodl-tmp/snn_revision_round3/models/formal_B/s9723_T4_lr2e-05/step2048.pt,30ea8ded7381f43cefe2dc5c0a4f520bb0a258ce8c63d4df8a2109861a42ac7c,B_s9723_a4_K2048,B,12550.0,adapted,9723.0,4.0,2e-05,2048,primary,graph,B_s9723_a4_K2048_c2_e2_bn9840,2,bn_cross,1.5746259762146744,0.6323,graph,10000,2.0,9840.0,,,,,
vision,/root/autodl-tmp/snn_revision_round3/models/formal_B/s9723_T4_lr2e-05/step2048.pt,30ea8ded7381f43cefe2dc5c0a4f520bb0a258ce8c63d4df8a2109861a42ac7c,B_s9723_a4_K2048,B,12550.0,adapted,9723.0,4.0,2e-05,2048,primary,graph,B_s9723_a4_K2048_c2_e4_bn9840,4,bn_cross,1.4364414491912583,0.6464,graph,10000,2.0,9840.0,,,,,
vision,/root/autodl-tmp/snn_revision_round3/models/formal_B/s9723_T4_lr2e-05/step2048.pt,30ea8ded7381f43cefe2dc5c0a4f520bb0a258ce8c63d4df8a2109861a42ac7c,B_s9723_a4_K2048,B,12550.0,adapted,9723.0,4.0,2e-05,2048,primary,graph,B_s9723_a4_K2048_c4_e2_bn9840,2,bn_cross,1.5269905181777663,0.633,graph,10000,4.0,9840.0,,,,,
vision,/root/autodl-tmp/snn_revision_round3/models/formal_B/s9723_T4_lr2e-05/step2048.pt,30ea8ded7381f43cefe2dc5c0a4f520bb0a258ce8c63d4df8a2109861a42ac7c,B_s9723_a4_K2048,B,12550.0,adapted,9723.0,4.0,2e-05,2048,primary,graph,B_s9723_a4_K2048_c4_e4_bn9840,4,bn_cross,1.3202332229321356,0.6662,graph,10000,4.0,9840.0,,,,,
language,,4ded420a0784025eb039a83d8e83b799dce23c0d99ec0f1a202eee539a02a79c,,legacy,,shared_initial,,,,0,legacy_replay,eager,legacy_language_initial_e2_raw_eager,2,raw,3.1998100274612424,0.451610541727672,eager,40980,,,4.0,test,/root/autodl-tmp/snn0907/orthogonal_pilot_20260907/data/fused_state.pt,0.0,language_initial_e2_raw_eager
language,,4ded420a0784025eb039a83d8e83b799dce23c0d99ec0f1a202eee539a02a79c,,legacy,,shared_initial,,,,0,legacy_replay,eager,legacy_language_initial_e4_raw_eager,4,raw,2.9640369368254316,0.4799170326988775,eager,40980,,,4.0,test,/root/autodl-tmp/snn0907/orthogonal_pilot_20260907/data/fused_state.pt,0.0,language_initial_e4_raw_eager
language,/root/autodl-tmp/snn0907/orthogonal_pilot_20260907/data/paper_experiments_20260908/formal/T2_seed8621_lr2e-05/step512.pt,186c5856074dd0c744cb892bb5018caf8e8c88a41d5214dc77473f08f3e83da2,,legacy,,adapted,8621.0,2.0,,512,legacy_replay,eager,legacy_language_s8621_K512_a2_e2_raw_eager,2,raw,2.7954389739160734,0.49277696437286483,eager,40980,,,4.0,test,/root/autodl-tmp/snn0907/orthogonal_pilot_20260907/data/paper_experiments_20260908/formal/T2_seed8621_lr2e-05/step512.pt,0.0,language_s8621_K512_a2_e2_raw_eager
language,/root/autodl-tmp/snn0907/orthogonal_pilot_20260907/data/paper_experiments_20260908/formal/T2_seed8621_lr2e-05/step512.pt,186c5856074dd0c744cb892bb5018caf8e8c88a41d5214dc77473f08f3e83da2,,legacy,,adapted,8621.0,2.0,,512,legacy_replay,eager,legacy_language_s8621_K512_a2_e4_raw_eager,4,raw,2.773115295453225,0.49570522205954126,eager,40980,,,4.0,test,/root/autodl-tmp/snn0907/orthogonal_pilot_20260907/data/paper_experiments_20260908/formal/T2_seed8621_lr2e-05/step512.pt,0.0,language_s8621_K512_a2_e4_raw_eager
language,/root/autodl-tmp/snn0907/orthogonal_pilot_20260907/data/paper_experiments_20260908/formal/T4_seed8621_lr2e-05/step512.pt,c02489ba9b65b0606d5f13cff61e4980d2161451bc67623df3d256e23f7681b7,,legacy,,adapted,8621.0,4.0,,512,legacy_replay,eager,legacy_language_s8621_K512_a4_e2_raw_eager,2,raw,2.8532079173180143,0.4882137628111274,eager,40980,,,4.0,test,/root/autodl-tmp/snn0907/orthogonal_pilot_20260907/data/paper_experiments_20260908/formal/T4_seed8621_lr2e-05/step512.pt,0.0,language_s8621_K512_a4_e2_raw_eager
language,/root/autodl-tmp/snn0907/orthogonal_pilot_20260907/data/paper_experiments_20260908/formal/T4_seed8621_lr2e-05/step512.pt,c02489ba9b65b0606d5f13cff61e4980d2161451bc67623df3d256e23f7681b7,,legacy,,adapted,8621.0,4.0,,512,legacy_replay,eager,legacy_language_s8621_K512_a4_e4_raw_eager,4,raw,2.632038896150247,0.5168862859931674,eager,40980,,,4.0,test,/root/autodl-tmp/snn0907/orthogonal_pilot_20260907/data/paper_experiments_20260908/formal/T4_seed8621_lr2e-05/step512.pt,0.0,language_s8621_K512_a4_e4_raw_eager
language,/root/autodl-tmp/snn0907/orthogonal_pilot_20260907/data/paper_experiments_20260908/formal/T2_seed8622_lr2e-05/step512.pt,56263b0feefc17d932395fa259a02a28576ca9782c3a56cf36df6c8df9558074,,legacy,,adapted,8622.0,2.0,,512,legacy_replay,eager,legacy_language_s8622_K512_a2_e2_raw_eager,2,raw,2.7854502767222633,0.49494875549048317,eager,40980,,,4.0,test,/root/autodl-tmp/snn0907/orthogonal_pilot_20260907/data/paper_experiments_20260908/formal/T2_seed8622_lr2e-05/step512.pt,1.0,language_s8622_K512_a2_e2_raw_eager
language,/root/autodl-tmp/snn0907/orthogonal_pilot_20260907/data/paper_experiments_20260908/formal/T2_seed8622_lr2e-05/step512.pt,56263b0feefc17d932395fa259a02a28576ca9782c3a56cf36df6c8df9558074,,legacy,,adapted,8622.0,2.0,,512,legacy_replay,eager,legacy_language_s8622_K512_a2_e4_raw_eager,4,raw,2.7795718578657653,0.4965836993655442,eager,40980,,,4.0,test,/root/autodl-tmp/snn0907/orthogonal_pilot_20260907/data/paper_experiments_20260908/formal/T2_seed8622_lr2e-05/step512.pt,1.0,language_s8622_K512_a2_e4_raw_eager
language,/root/autodl-tmp/snn0907/orthogonal_pilot_20260907/data/paper_experiments_20260908/formal/T4_seed8622_lr2e-05/step512.pt,9e5381fe9821f1d0f3f31f1d9151ac353cf57429e2d4dd7bd9df610a69ac721d,,legacy,,adapted,8622.0,4.0,,512,legacy_replay,eager,legacy_language_s8622_K512_a4_e2_raw_eager,2,raw,2.8574936564359397,0.4865544167886774,eager,40980,,,4.0,test,/root/autodl-tmp/snn0907/orthogonal_pilot_20260907/data/paper_experiments_20260908/formal/T4_seed8622_lr2e-05/step512.pt,1.0,language_s8622_K512_a4_e2_raw_eager
language,/root/autodl-tmp/snn0907/orthogonal_pilot_20260907/data/paper_experiments_20260908/formal/T4_seed8622_lr2e-05/step512.pt,9e5381fe9821f1d0f3f31f1d9151ac353cf57429e2d4dd7bd9df610a69ac721d,,legacy,,adapted,8622.0,4.0,,512,legacy_replay,eager,legacy_language_s8622_K512_a4_e4_raw_eager,4,raw,2.6288365867926085,0.5142020497803806,eager,40980,,,4.0,test,/root/autodl-tmp/snn0907/orthogonal_pilot_20260907/data/paper_experiments_20260908/formal/T4_seed8622_lr2e-05/step512.pt,1.0,language_s8622_K512_a4_e4_raw_eager
language,/root/autodl-tmp/snn0907/orthogonal_pilot_20260907/data/paper_experiments_20260908/formal/T2_seed8623_lr2e-05/step512.pt,b39c97d8ee6ad608d9562455ff3d89757df667171adc76db817bd7c42aec5a99,,legacy,,adapted,8623.0,2.0,,512,legacy_replay,eager,legacy_language_s8623_K512_a2_e2_raw_eager,2,raw,2.7775067997362175,0.49824304538799413,eager,40980,,,4.0,test,/root/autodl-tmp/snn0907/orthogonal_pilot_20260907/data/paper_experiments_20260908/formal/T2_seed8623_lr2e-05/step512.pt,0.0,language_s8623_K512_a2_e2_raw_eager
language,/root/autodl-tmp/snn0907/orthogonal_pilot_20260907/data/paper_experiments_20260908/formal/T2_seed8623_lr2e-05/step512.pt,b39c97d8ee6ad608d9562455ff3d89757df667171adc76db817bd7c42aec5a99,,legacy,,adapted,8623.0,2.0,,512,legacy_replay,eager,legacy_language_s8623_K512_a2_e4_raw_eager,4,raw,2.7741759425395847,0.49880429477794047,eager,40980,,,4.0,test,/root/autodl-tmp/snn0907/orthogonal_pilot_20260907/data/paper_experiments_20260908/formal/T2_seed8623_lr2e-05/step512.pt,0.0,language_s8623_K512_a2_e4_raw_eager
language,/root/autodl-tmp/snn0907/orthogonal_pilot_20260907/data/paper_experiments_20260908/formal/T4_seed8623_lr2e-05/step512.pt,11ca80b08791be50f4ae758696dd03fbf1068d2ad0070a2141c7309cb6bd8f4f,,legacy,,adapted,8623.0,4.0,,512,legacy_replay,eager,legacy_language_s8623_K512_a4_e2_raw_eager,2,raw,2.852638846268426,0.48650561249389945,eager,40980,,,4.0,test,/root/autodl-tmp/snn0907/orthogonal_pilot_20260907/data/paper_experiments_20260908/formal/T4_seed8623_lr2e-05/step512.pt,0.0,language_s8623_K512_a4_e2_raw_eager
language,/root/autodl-tmp/snn0907/orthogonal_pilot_20260907/data/paper_experiments_20260908/formal/T4_seed8623_lr2e-05/step512.pt,11ca80b08791be50f4ae758696dd03fbf1068d2ad0070a2141c7309cb6bd8f4f,,legacy,,adapted,8623.0,4.0,,512,legacy_replay,eager,legacy_language_s8623_K512_a4_e4_raw_eager,4,raw,2.637228915786628,0.5149097120546609,eager,40980,,,4.0,test,/root/autodl-tmp/snn0907/orthogonal_pilot_20260907/data/paper_experiments_20260908/formal/T4_seed8623_lr2e-05/step512.pt,0.0,language_s8623_K512_a4_e4_raw_eager
language,/root/autodl-tmp/snn0907/orthogonal_pilot_20260907/data/paper_experiments_20260908/formal/T2_seed8621_lr2e-05/step4096.pt,b28d572dd70da7681dd3c1390dba691f338202170d0f829d104bfa068bbc8760,,legacy,,adapted,8621.0,2.0,,4096,legacy_replay,eager,legacy_language_s8621_K4096_a2_e2_raw_eager,2,raw,2.6849229623143835,0.5079062957540263,eager,40980,,,4.0,test,/root/autodl-tmp/snn0907/orthogonal_pilot_20260907/data/paper_experiments_20260908/formal/T2_seed8621_lr2e-05/step4096.pt,0.0,language_s8621_K4096_a2_e2_raw_eager
language,/root/autodl-tmp/snn0907/orthogonal_pilot_20260907/data/paper_experiments_20260908/formal/T2_seed8621_lr2e-05/step4096.pt,b28d572dd70da7681dd3c1390dba691f338202170d0f829d104bfa068bbc8760,,legacy,,adapted,8621.0,2.0,,4096,legacy_replay,eager,legacy_language_s8621_K4096_a2_e4_raw_eager,4,raw,2.720414614869546,0.5039043435822352,eager,40980,,,4.0,test,/root/autodl-tmp/snn0907/orthogonal_pilot_20260907/data/paper_experiments_20260908/formal/T2_seed8621_lr2e-05/step4096.pt,0.0,language_s8621_K4096_a2_e4_raw_eager
language,/root/autodl-tmp/snn0907/orthogonal_pilot_20260907/data/paper_experiments_20260908/formal/T4_seed8621_lr2e-05/step4096.pt,b1157521f1ce4ce6581b763d0c67277d3146e61ca4d26d74d34c31e5f03afade,,legacy,,adapted,8621.0,4.0,,4096,legacy_replay,eager,legacy_language_s8621_K4096_a4_e2_raw_eager,2,raw,2.7486937856900475,0.5008296730112249,eager,40980,,,4.0,test,/root/autodl-tmp/snn0907/orthogonal_pilot_20260907/data/paper_experiments_20260908/formal/T4_seed8621_lr2e-05/step4096.pt,0.0,language_s8621_K4096_a4_e2_raw_eager
language,/root/autodl-tmp/snn0907/orthogonal_pilot_20260907/data/paper_experiments_20260908/formal/T4_seed8621_lr2e-05/step4096.pt,b1157521f1ce4ce6581b763d0c67277d3146e61ca4d26d74d34c31e5f03afade,,legacy,,adapted,8621.0,4.0,,4096,legacy_replay,eager,legacy_language_s8621_K4096_a4_e4_raw_eager,4,raw,2.55010303650438,0.5265739385065886,eager,40980,,,4.0,test,/root/autodl-tmp/snn0907/orthogonal_pilot_20260907/data/paper_experiments_20260908/formal/T4_seed8621_lr2e-05/step4096.pt,0.0,language_s8621_K4096_a4_e4_raw_eager
language,/root/autodl-tmp/snn0907/orthogonal_pilot_20260907/data/paper_experiments_20260908/formal/T2_seed8622_lr2e-05/step4096.pt,428e117cbebf1e2675fb96c9450d7d788535c00f031abb45784924eca7f016e6,,legacy,,adapted,8622.0,2.0,,4096,legacy_replay,eager,legacy_language_s8622_K4096_a2_e2_raw_eager,2,raw,2.6773056069415007,0.5097608589555881,eager,40980,,,4.0,test,/root/autodl-tmp/snn0907/orthogonal_pilot_20260907/data/paper_experiments_20260908/formal/T2_seed8622_lr2e-05/step4096.pt,1.0,language_s8622_K4096_a2_e2_raw_eager
language,/root/autodl-tmp/snn0907/orthogonal_pilot_20260907/data/paper_experiments_20260908/formal/T2_seed8622_lr2e-05/step4096.pt,428e117cbebf1e2675fb96c9450d7d788535c00f031abb45784924eca7f016e6,,legacy,,adapted,8622.0,2.0,,4096,legacy_replay,eager,legacy_language_s8622_K4096_a2_e4_raw_eager,4,raw,2.700286766917164,0.5084187408491947,eager,40980,,,4.0,test,/root/autodl-tmp/snn0907/orthogonal_pilot_20260907/data/paper_experiments_20260908/formal/T2_seed8622_lr2e-05/step4096.pt,1.0,language_s8622_K4096_a2_e4_raw_eager
language,/root/autodl-tmp/snn0907/orthogonal_pilot_20260907/data/paper_experiments_20260908/formal/T4_seed8622_lr2e-05/step4096.pt,78934d77908c0235692d1b7eeb0f20b9c0c6332fa46ed65f386ffac941acf0ae,,legacy,,adapted,8622.0,4.0,,4096,legacy_replay,eager,legacy_language_s8622_K4096_a4_e2_raw_eager,2,raw,2.753018661211436,0.5020253782332845,eager,40980,,,4.0,test,/root/autodl-tmp/snn0907/orthogonal_pilot_20260907/data/paper_experiments_20260908/formal/T4_seed8622_lr2e-05/step4096.pt,1.0,language_s8622_K4096_a4_e2_raw_eager
language,/root/autodl-tmp/snn0907/orthogonal_pilot_20260907/data/paper_experiments_20260908/formal/T4_seed8622_lr2e-05/step4096.pt,78934d77908c0235692d1b7eeb0f20b9c0c6332fa46ed65f386ffac941acf0ae,,legacy,,adapted,8622.0,4.0,,4096,legacy_replay,eager,legacy_language_s8622_K4096_a4_e4_raw_eager,4,raw,2.5488229793977433,0.5264519277696438,eager,40980,,,4.0,test,/root/autodl-tmp/snn0907/orthogonal_pilot_20260907/data/paper_experiments_20260908/formal/T4_seed8622_lr2e-05/step4096.pt,1.0,language_s8622_K4096_a4_e4_raw_eager
language,/root/autodl-tmp/snn0907/orthogonal_pilot_20260907/data/paper_experiments_20260908/formal/T2_seed8623_lr2e-05/step4096.pt,db7170626db254348bb66dc2333d635db2549872ecd0e6651514b71b60a0d6a5,,legacy,,adapted,8623.0,2.0,,4096,legacy_replay,eager,legacy_language_s8623_K4096_a2_e2_raw_eager,2,raw,2.674572400660702,0.5095168374816984,eager,40980,,,4.0,test,/root/autodl-tmp/snn0907/orthogonal_pilot_20260907/data/paper_experiments_20260908/formal/T2_seed8623_lr2e-05/step4096.pt,0.0,language_s8623_K4096_a2_e2_raw_eager
language,/root/autodl-tmp/snn0907/orthogonal_pilot_20260907/data/paper_experiments_20260908/formal/T2_seed8623_lr2e-05/step4096.pt,db7170626db254348bb66dc2333d635db2549872ecd0e6651514b71b60a0d6a5,,legacy,,adapted,8623.0,2.0,,4096,legacy_replay,eager,legacy_language_s8623_K4096_a2_e4_raw_eager,4,raw,2.695996974681157,0.5062957540263543,eager,40980,,,4.0,test,/root/autodl-tmp/snn0907/orthogonal_pilot_20260907/data/paper_experiments_20260908/formal/T2_seed8623_lr2e-05/step4096.pt,0.0,language_s8623_K4096_a2_e4_raw_eager
language,/root/autodl-tmp/snn0907/orthogonal_pilot_20260907/data/paper_experiments_20260908/formal/T4_seed8623_lr2e-05/step4096.pt,b37dbcf94a342e80b072b0ee31dd3b92fbc0698b028a393cf8ea1c831e9e95c0,,legacy,,adapted,8623.0,4.0,,4096,legacy_replay,eager,legacy_language_s8623_K4096_a4_e2_raw_eager,2,raw,2.7414547943090994,0.5027818448023426,eager,40980,,,4.0,test,/root/autodl-tmp/snn0907/orthogonal_pilot_20260907/data/paper_experiments_20260908/formal/T4_seed8623_lr2e-05/step4096.pt,0.0,language_s8623_K4096_a4_e2_raw_eager
language,/root/autodl-tmp/snn0907/orthogonal_pilot_20260907/data/paper_experiments_20260908/formal/T4_seed8623_lr2e-05/step4096.pt,b37dbcf94a342e80b072b0ee31dd3b92fbc0698b028a393cf8ea1c831e9e95c0,,legacy,,adapted,8623.0,4.0,,4096,legacy_replay,eager,legacy_language_s8623_K4096_a4_e4_raw_eager,4,raw,2.5427993183712605,0.5276964372864812,eager,40980,,,4.0,test,/root/autodl-tmp/snn0907/orthogonal_pilot_20260907/data/paper_experiments_20260908/formal/T4_seed8623_lr2e-05/step4096.pt,0.0,language_s8623_K4096_a4_e4_raw_eager
language,/root/autodl-tmp/snn0907/orthogonal_pilot_20260907/data/paper_experiments_20260908/formal/T2_seed8621_lr2e-05/step4096.pt,b28d572dd70da7681dd3c1390dba691f338202170d0f829d104bfa068bbc8760,,legacy,,adapted,8621.0,2.0,,4096,legacy_replay,graph,legacy_language_s8621_K4096_a2_e2_raw_graph,2,raw,2.6849229623143835,0.5079062957540263,graph,40980,,,4.0,test,/root/autodl-tmp/snn0907/orthogonal_pilot_20260907/data/paper_experiments_20260908/formal/T2_seed8621_lr2e-05/step4096.pt,0.0,language_s8621_K4096_a2_e2_raw_graph
language,/root/autodl-tmp/snn0907/orthogonal_pilot_20260907/data/paper_experiments_20260908/formal/T4_seed8621_lr2e-05/step4096.pt,b1157521f1ce4ce6581b763d0c67277d3146e61ca4d26d74d34c31e5f03afade,,legacy,,adapted,8621.0,4.0,,4096,legacy_replay,graph,legacy_language_s8621_K4096_a4_e4_raw_graph,4,raw,2.55010303650438,0.5265739385065886,graph,40980,,,4.0,test,/root/autodl-tmp/snn0907/orthogonal_pilot_20260907/data/paper_experiments_20260908/formal/T4_seed8621_lr2e-05/step4096.pt,0.0,language_s8621_K4096_a4_e4_raw_graph
language,/root/autodl-tmp/snn0907/orthogonal_pilot_20260907/data/paper_experiments_20260908/formal/T2_seed8622_lr2e-05/step4096.pt,428e117cbebf1e2675fb96c9450d7d788535c00f031abb45784924eca7f016e6,,legacy,,adapted,8622.0,2.0,,4096,legacy_replay,graph,legacy_language_s8622_K4096_a2_e2_raw_graph,2,raw,2.6773056069415007,0.5097608589555881,graph,40980,,,4.0,test,/root/autodl-tmp/snn0907/orthogonal_pilot_20260907/data/paper_experiments_20260908/formal/T2_seed8622_lr2e-05/step4096.pt,1.0,language_s8622_K4096_a2_e2_raw_graph
language,/root/autodl-tmp/snn0907/orthogonal_pilot_20260907/data/paper_experiments_20260908/formal/T4_seed8622_lr2e-05/step4096.pt,78934d77908c0235692d1b7eeb0f20b9c0c6332fa46ed65f386ffac941acf0ae,,legacy,,adapted,8622.0,4.0,,4096,legacy_replay,graph,legacy_language_s8622_K4096_a4_e4_raw_graph,4,raw,2.5488229793977433,0.5264519277696438,graph,40980,,,4.0,test,/root/autodl-tmp/snn0907/orthogonal_pilot_20260907/data/paper_experiments_20260908/formal/T4_seed8622_lr2e-05/step4096.pt,1.0,language_s8622_K4096_a4_e4_raw_graph
language,/root/autodl-tmp/snn0907/orthogonal_pilot_20260907/data/paper_experiments_20260908/formal/T2_seed8623_lr2e-05/step4096.pt,db7170626db254348bb66dc2333d635db2549872ecd0e6651514b71b60a0d6a5,,legacy,,adapted,8623.0,2.0,,4096,legacy_replay,graph,legacy_language_s8623_K4096_a2_e2_raw_graph,2,raw,2.674572400660702,0.5095168374816984,graph,40980,,,4.0,test,/root/autodl-tmp/snn0907/orthogonal_pilot_20260907/data/paper_experiments_20260908/formal/T2_seed8623_lr2e-05/step4096.pt,0.0,language_s8623_K4096_a2_e2_raw_graph
language,/root/autodl-tmp/snn0907/orthogonal_pilot_20260907/data/paper_experiments_20260908/formal/T4_seed8623_lr2e-05/step4096.pt,b37dbcf94a342e80b072b0ee31dd3b92fbc0698b028a393cf8ea1c831e9e95c0,,legacy,,adapted,8623.0,4.0,,4096,legacy_replay,graph,legacy_language_s8623_K4096_a4_e4_raw_graph,4,raw,2.5427993183712605,0.5276964372864812,graph,40980,,,4.0,test,/root/autodl-tmp/snn0907/orthogonal_pilot_20260907/data/paper_experiments_20260908/formal/T4_seed8623_lr2e-05/step4096.pt,0.0,language_s8623_K4096_a4_e4_raw_graph
vision,/root/autodl-tmp/snn0907/direction1_budget_rotation_20260907/results/reconstructed_identity_p0.0/best.pt,3d453ec2677252d88eccd90e665e492c03082209b9584dc2649757f84b5eba63,,legacy,,shared_initial,,,,0,legacy_replay,eager,legacy_vision_initial_e2_raw_eager,2,raw,1.6370486931122374,0.619,eager,10000,,,4.0,test,/root/autodl-tmp/snn0907/direction1_budget_rotation_20260907/results/reconstructed_identity_p0.0/best.pt,1.0,vision_initial_e2_raw_eager
vision,/root/autodl-tmp/snn0907/direction1_budget_rotation_20260907/results/reconstructed_identity_p0.0/best.pt,3d453ec2677252d88eccd90e665e492c03082209b9584dc2649757f84b5eba63,,legacy,,shared_initial,,,,0,legacy_replay,eager,legacy_vision_initial_e4_raw_eager,4,raw,1.3832979446934304,0.6675,eager,10000,,,4.0,test,/root/autodl-tmp/snn0907/direction1_budget_rotation_20260907/results/reconstructed_identity_p0.0/best.pt,1.0,vision_initial_e4_raw_eager
vision,/root/snn_revision_round2/models/formal/s9621_T2_lr2e-05/step512.pt,0f9f95f5ce14dbc2c462a290f0a55a9e9aa733dbade7678458200a886c4369a4,,legacy,,adapted,9621.0,2.0,,512,legacy_replay,eager,legacy_vision_s9621_K512_a2_e2_raw_eager,2,raw,1.4877951622274355,0.6401,eager,10000,,,4.0,test,/root/snn_revision_round2/models/formal/s9621_T2_lr2e-05/step512.pt,0.0,vision_s9621_K512_a2_e2_raw_eager
vision,/root/snn_revision_round2/models/formal/s9621_T2_lr2e-05/step512.pt,0f9f95f5ce14dbc2c462a290f0a55a9e9aa733dbade7678458200a886c4369a4,,legacy,,adapted,9621.0,2.0,,512,legacy_replay,eager,legacy_vision_s9621_K512_a2_e4_raw_eager,4,raw,1.4041059838350456,0.6501,eager,10000,,,4.0,test,/root/snn_revision_round2/models/formal/s9621_T2_lr2e-05/step512.pt,0.0,vision_s9621_K512_a2_e4_raw_eager
vision,/root/snn_revision_round2/models/formal/s9621_T4_lr5e-06/step512.pt,5ed390a7653a1ba84acb84df5ae6ebc09430b0ba2c14374172ae4802de2bf00a,,legacy,,adapted,9621.0,4.0,,512,legacy_replay,eager,legacy_vision_s9621_K512_a4_e2_raw_eager,2,raw,1.6535771059902384,0.6127,eager,10000,,,4.0,test,/root/snn_revision_round2/models/formal/s9621_T4_lr5e-06/step512.pt,0.0,vision_s9621_K512_a4_e2_raw_eager
vision,/root/snn_revision_round2/models/formal/s9621_T4_lr5e-06/step512.pt,5ed390a7653a1ba84acb84df5ae6ebc09430b0ba2c14374172ae4802de2bf00a,,legacy,,adapted,9621.0,4.0,,512,legacy_replay,eager,legacy_vision_s9621_K512_a4_e4_raw_eager,4,raw,1.4022421290025349,0.6625,eager,10000,,,4.0,test,/root/snn_revision_round2/models/formal/s9621_T4_lr5e-06/step512.pt,0.0,vision_s9621_K512_a4_e4_raw_eager
vision,/root/snn_revision_round2/models/formal/s9622_T2_lr2e-05/step512.pt,dfd002f5b8f2dda6231648715bf1d1d6457f30627a198856b632890208667a5a,,legacy,,adapted,9622.0,2.0,,512,legacy_replay,eager,legacy_vision_s9622_K512_a2_e2_raw_eager,2,raw,1.5127857122831978,0.6371,eager,10000,,,4.0,test,/root/snn_revision_round2/models/formal/s9622_T2_lr2e-05/step512.pt,1.0,vision_s9622_K512_a2_e2_raw_eager
vision,/root/snn_revision_round2/models/formal/s9622_T2_lr2e-05/step512.pt,dfd002f5b8f2dda6231648715bf1d1d6457f30627a198856b632890208667a5a,,legacy,,adapted,9622.0,2.0,,512,legacy_replay,eager,legacy_vision_s9622_K512_a2_e4_raw_eager,4,raw,1.4359639947950025,0.6487,eager,10000,,,4.0,test,/root/snn_revision_round2/models/formal/s9622_T2_lr2e-05/step512.pt,1.0,vision_s9622_K512_a2_e4_raw_eager
vision,/root/snn_revision_round2/models/formal/s9622_T4_lr5e-06/step512.pt,f6c0ed8d4278e7fd2ddc8463b5d6217025eacfba57e8d66ceade4bca481244c3,,legacy,,adapted,9622.0,4.0,,512,legacy_replay,eager,legacy_vision_s9622_K512_a4_e2_raw_eager,2,raw,1.671609219783824,0.6094,eager,10000,,,4.0,test,/root/snn_revision_round2/models/formal/s9622_T4_lr5e-06/step512.pt,1.0,vision_s9622_K512_a4_e2_raw_eager
vision,/root/snn_revision_round2/models/formal/s9622_T4_lr5e-06/step512.pt,f6c0ed8d4278e7fd2ddc8463b5d6217025eacfba57e8d66ceade4bca481244c3,,legacy,,adapted,9622.0,4.0,,512,legacy_replay,eager,legacy_vision_s9622_K512_a4_e4_raw_eager,4,raw,1.412990531254257,0.6647,eager,10000,,,4.0,test,/root/snn_revision_round2/models/formal/s9622_T4_lr5e-06/step512.pt,1.0,vision_s9622_K512_a4_e4_raw_eager
vision,/root/snn_revision_round2/models/formal/s9623_T2_lr2e-05/step512.pt,660ed86374ad457d66995b5a7f851ce5df1a7359c8ed6ca6ea4b5f6a2e34cf12,,legacy,,adapted,9623.0,2.0,,512,legacy_replay,eager,legacy_vision_s9623_K512_a2_e2_raw_eager,2,raw,1.5513017183196265,0.633,eager,10000,,,4.0,test,/root/snn_revision_round2/models/formal/s9623_T2_lr2e-05/step512.pt,0.0,vision_s9623_K512_a2_e2_raw_eager
vision,/root/snn_revision_round2/models/formal/s9623_T2_lr2e-05/step512.pt,660ed86374ad457d66995b5a7f851ce5df1a7359c8ed6ca6ea4b5f6a2e34cf12,,legacy,,adapted,9623.0,2.0,,512,legacy_replay,eager,legacy_vision_s9623_K512_a2_e4_raw_eager,4,raw,1.4898562629974215,0.6359,eager,10000,,,4.0,test,/root/snn_revision_round2/models/formal/s9623_T2_lr2e-05/step512.pt,0.0,vision_s9623_K512_a2_e4_raw_eager
vision,/root/snn_revision_round2/models/formal/s9623_T4_lr5e-06/step512.pt,fe9255f79dbe2d2b1d9b4c5eeb0a1bc6cf4acd79ffda3cbe3b64a91a4fc4eaf7,,legacy,,adapted,9623.0,4.0,,512,legacy_replay,eager,legacy_vision_s9623_K512_a4_e2_raw_eager,2,raw,1.6944721724104137,0.611,eager,10000,,,4.0,test,/root/snn_revision_round2/models/formal/s9623_T4_lr5e-06/step512.pt,0.0,vision_s9623_K512_a4_e2_raw_eager
vision,/root/snn_revision_round2/models/formal/s9623_T4_lr5e-06/step512.pt,fe9255f79dbe2d2b1d9b4c5eeb0a1bc6cf4acd79ffda3cbe3b64a91a4fc4eaf7,,legacy,,adapted,9623.0,4.0,,512,legacy_replay,eager,legacy_vision_s9623_K512_a4_e4_raw_eager,4,raw,1.4484716907409951,0.6567,eager,10000,,,4.0,test,/root/snn_revision_round2/models/formal/s9623_T4_lr5e-06/step512.pt,0.0,vision_s9623_K512_a4_e4_raw_eager
vision,/root/snn_revision_round2/models/formal/s9624_T2_lr2e-05/step512.pt,04134b877ad51726ffe47009691e4f47196b744873e645fe553ee6337a0a0693,,legacy,,adapted,9624.0,2.0,,512,legacy_replay,eager,legacy_vision_s9624_K512_a2_e2_raw_eager,2,raw,1.5072170188160614,0.6383,eager,10000,,,4.0,test,/root/snn_revision_round2/models/formal/s9624_T2_lr2e-05/step512.pt,1.0,vision_s9624_K512_a2_e2_raw_eager
vision,/root/snn_revision_round2/models/formal/s9624_T2_lr2e-05/step512.pt,04134b877ad51726ffe47009691e4f47196b744873e645fe553ee6337a0a0693,,legacy,,adapted,9624.0,2.0,,512,legacy_replay,eager,legacy_vision_s9624_K512_a2_e4_raw_eager,4,raw,1.4260199213507236,0.6489,eager,10000,,,4.0,test,/root/snn_revision_round2/models/formal/s9624_T2_lr2e-05/step512.pt,1.0,vision_s9624_K512_a2_e4_raw_eager
vision,/root/snn_revision_round2/models/formal/s9624_T4_lr5e-06/step512.pt,0676efc02c5e0f99598dd0ca3a1c3f6d6c9136d831955bac05a52899023b8733,,legacy,,adapted,9624.0,4.0,,512,legacy_replay,eager,legacy_vision_s9624_K512_a4_e2_raw_eager,2,raw,1.6641683335392736,0.6182,eager,10000,,,4.0,test,/root/snn_revision_round2/models/formal/s9624_T4_lr5e-06/step512.pt,1.0,vision_s9624_K512_a4_e2_raw_eager
vision,/root/snn_revision_round2/models/formal/s9624_T4_lr5e-06/step512.pt,0676efc02c5e0f99598dd0ca3a1c3f6d6c9136d831955bac05a52899023b8733,,legacy,,adapted,9624.0,4.0,,512,legacy_replay,eager,legacy_vision_s9624_K512_a4_e4_raw_eager,4,raw,1.409978385930741,0.6661,eager,10000,,,4.0,test,/root/snn_revision_round2/models/formal/s9624_T4_lr5e-06/step512.pt,1.0,vision_s9624_K512_a4_e4_raw_eager
vision,/root/snn_revision_round2/models/formal/s9625_T2_lr2e-05/step512.pt,0a7ab59d6b90e42a5c64995f5d85e85a0f7efc691b9cf429f8be9143dcd4cfcc,,legacy,,adapted,9625.0,2.0,,512,legacy_replay,eager,legacy_vision_s9625_K512_a2_e2_raw_eager,2,raw,1.4793273100351683,0.6391,eager,10000,,,4.0,test,/root/snn_revision_round2/models/formal/s9625_T2_lr2e-05/step512.pt,0.0,vision_s9625_K512_a2_e2_raw_eager
vision,/root/snn_revision_round2/models/formal/s9625_T2_lr2e-05/step512.pt,0a7ab59d6b90e42a5c64995f5d85e85a0f7efc691b9cf429f8be9143dcd4cfcc,,legacy,,adapted,9625.0,2.0,,512,legacy_replay,eager,legacy_vision_s9625_K512_a2_e4_raw_eager,4,raw,1.3978187978845322,0.6522,eager,10000,,,4.0,test,/root/snn_revision_round2/models/formal/s9625_T2_lr2e-05/step512.pt,0.0,vision_s9625_K512_a2_e4_raw_eager
vision,/root/snn_revision_round2/models/formal/s9625_T4_lr5e-06/step512.pt,c9f95d95f8da6b407d660deabc89145e205157f9294b611da942db6f50c83c47,,legacy,,adapted,9625.0,4.0,,512,legacy_replay,eager,legacy_vision_s9625_K512_a4_e2_raw_eager,2,raw,1.6246590783943422,0.6206,eager,10000,,,4.0,test,/root/snn_revision_round2/models/formal/s9625_T4_lr5e-06/step512.pt,0.0,vision_s9625_K512_a4_e2_raw_eager
vision,/root/snn_revision_round2/models/formal/s9625_T4_lr5e-06/step512.pt,c9f95d95f8da6b407d660deabc89145e205157f9294b611da942db6f50c83c47,,legacy,,adapted,9625.0,4.0,,512,legacy_replay,eager,legacy_vision_s9625_K512_a4_e4_raw_eager,4,raw,1.3749950638001551,0.6667,eager,10000,,,4.0,test,/root/snn_revision_round2/models/formal/s9625_T4_lr5e-06/step512.pt,0.0,vision_s9625_K512_a4_e4_raw_eager
vision,/root/snn_revision_round2/models/formal/s9621_T2_lr2e-05/step2048.pt,75a7ce389b4ddd2609c9d5117f89114a6f9c8a32fd468f99aa49221673180f32,,legacy,,adapted,9621.0,2.0,,2048,legacy_replay,eager,legacy_vision_s9621_K2048_a2_e2_raw_eager,2,raw,1.492219903026009,0.6395,eager,10000,,,4.0,test,/root/snn_revision_round2/models/formal/s9621_T2_lr2e-05/step2048.pt,0.0,vision_s9621_K2048_a2_e2_raw_eager
vision,/root/snn_revision_round2/models/formal/s9621_T2_lr2e-05/step2048.pt,75a7ce389b4ddd2609c9d5117f89114a6f9c8a32fd468f99aa49221673180f32,,legacy,,adapted,9621.0,2.0,,2048,legacy_replay,eager,legacy_vision_s9621_K2048_a2_e4_raw_eager,4,raw,1.4136736823366374,0.6491,eager,10000,,,4.0,test,/root/snn_revision_round2/models/formal/s9621_T2_lr2e-05/step2048.pt,0.0,vision_s9621_K2048_a2_e4_raw_eager
vision,/root/snn_revision_round2/models/formal/s9621_T4_lr5e-06/step2048.pt,13035dc9a9631a424cb1eef9cfe9426fb42299b3d038295ece3b4d0baad36527,,legacy,,adapted,9621.0,4.0,,2048,legacy_replay,eager,legacy_vision_s9621_K2048_a4_e2_raw_eager,2,raw,1.6516733112360351,0.6174,eager,10000,,,4.0,test,/root/snn_revision_round2/models/formal/s9621_T4_lr5e-06/step2048.pt,0.0,vision_s9621_K2048_a4_e2_raw_eager
vision,/root/snn_revision_round2/models/formal/s9621_T4_lr5e-06/step2048.pt,13035dc9a9631a424cb1eef9cfe9426fb42299b3d038295ece3b4d0baad36527,,legacy,,adapted,9621.0,4.0,,2048,legacy_replay,eager,legacy_vision_s9621_K2048_a4_e4_raw_eager,4,raw,1.4057374583509983,0.6668,eager,10000,,,4.0,test,/root/snn_revision_round2/models/formal/s9621_T4_lr5e-06/step2048.pt,0.0,vision_s9621_K2048_a4_e4_raw_eager
vision,/root/snn_revision_round2/models/formal/s9622_T2_lr2e-05/step2048.pt,3c212ae3ec395f36551d02dc03aa821132cf02c6696c90ad42fd14e8f0db8270,,legacy,,adapted,9622.0,2.0,,2048,legacy_replay,eager,legacy_vision_s9622_K2048_a2_e2_raw_eager,2,raw,1.4892826544771902,0.6395,eager,10000,,,4.0,test,/root/snn_revision_round2/models/formal/s9622_T2_lr2e-05/step2048.pt,1.0,vision_s9622_K2048_a2_e2_raw_eager
vision,/root/snn_revision_round2/models/formal/s9622_T2_lr2e-05/step2048.pt,3c212ae3ec395f36551d02dc03aa821132cf02c6696c90ad42fd14e8f0db8270,,legacy,,adapted,9622.0,2.0,,2048,legacy_replay,eager,legacy_vision_s9622_K2048_a2_e4_raw_eager,4,raw,1.404397939175542,0.6529,eager,10000,,,4.0,test,/root/snn_revision_round2/models/formal/s9622_T2_lr2e-05/step2048.pt,1.0,vision_s9622_K2048_a2_e4_raw_eager
vision,/root/snn_revision_round2/models/formal/s9622_T4_lr5e-06/step2048.pt,42197ebc13950b079adbee182104fc8341b00672b1d1ef69200e0242be26e14f,,legacy,,adapted,9622.0,4.0,,2048,legacy_replay,eager,legacy_vision_s9622_K2048_a4_e2_raw_eager,2,raw,1.6693008958800697,0.6128,eager,10000,,,4.0,test,/root/snn_revision_round2/models/formal/s9622_T4_lr5e-06/step2048.pt,1.0,vision_s9622_K2048_a4_e2_raw_eager
vision,/root/snn_revision_round2/models/formal/s9622_T4_lr5e-06/step2048.pt,42197ebc13950b079adbee182104fc8341b00672b1d1ef69200e0242be26e14f,,legacy,,adapted,9622.0,4.0,,2048,legacy_replay,eager,legacy_vision_s9622_K2048_a4_e4_raw_eager,4,raw,1.4159686972524272,0.6626,eager,10000,,,4.0,test,/root/snn_revision_round2/models/formal/s9622_T4_lr5e-06/step2048.pt,1.0,vision_s9622_K2048_a4_e4_raw_eager
vision,/root/snn_revision_round2/models/formal/s9623_T2_lr2e-05/step2048.pt,78cd1edc31782f39e965369c6017506619cc56fb0b9ace4c0b0cdbe534559586,,legacy,,adapted,9623.0,2.0,,2048,legacy_replay,eager,legacy_vision_s9623_K2048_a2_e2_raw_eager,2,raw,1.447917831734917,0.6476,eager,10000,,,4.0,test,/root/snn_revision_round2/models/formal/s9623_T2_lr2e-05/step2048.pt,0.0,vision_s9623_K2048_a2_e2_raw_eager
vision,/root/snn_revision_round2/models/formal/s9623_T2_lr2e-05/step2048.pt,78cd1edc31782f39e965369c6017506619cc56fb0b9ace4c0b0cdbe534559586,,legacy,,adapted,9623.0,2.0,,2048,legacy_replay,eager,legacy_vision_s9623_K2048_a2_e4_raw_eager,4,raw,1.377392064781033,0.6548,eager,10000,,,4.0,test,/root/snn_revision_round2/models/formal/s9623_T2_lr2e-05/step2048.pt,0.0,vision_s9623_K2048_a2_e4_raw_eager
vision,/root/snn_revision_round2/models/formal/s9623_T4_lr5e-06/step2048.pt,57dc62ddba1d59eac9f1ccff4af606187a7987bf1a23836b1b93e00097ecfbad,,legacy,,adapted,9623.0,4.0,,2048,legacy_replay,eager,legacy_vision_s9623_K2048_a4_e2_raw_eager,2,raw,1.6113598732646088,0.6237,eager,10000,,,4.0,test,/root/snn_revision_round2/models/formal/s9623_T4_lr5e-06/step2048.pt,0.0,vision_s9623_K2048_a4_e2_raw_eager
vision,/root/snn_revision_round2/models/formal/s9623_T4_lr5e-06/step2048.pt,57dc62ddba1d59eac9f1ccff4af606187a7987bf1a23836b1b93e00097ecfbad,,legacy,,adapted,9623.0,4.0,,2048,legacy_replay,eager,legacy_vision_s9623_K2048_a4_e4_raw_eager,4,raw,1.3684727228290634,0.6693,eager,10000,,,4.0,test,/root/snn_revision_round2/models/formal/s9623_T4_lr5e-06/step2048.pt,0.0,vision_s9623_K2048_a4_e4_raw_eager
vision,/root/snn_revision_round2/models/formal/s9624_T2_lr2e-05/step2048.pt,613cbe1093c64dc5f52b228dc330bc2b624e75e132ad7d5643e3f9f2e4cb27dd,,legacy,,adapted,9624.0,2.0,,2048,legacy_replay,eager,legacy_vision_s9624_K2048_a2_e2_raw_eager,2,raw,1.4655892902006162,0.6468,eager,10000,,,4.0,test,/root/snn_revision_round2/models/formal/s9624_T2_lr2e-05/step2048.pt,1.0,vision_s9624_K2048_a2_e2_raw_eager
vision,/root/snn_revision_round2/models/formal/s9624_T2_lr2e-05/step2048.pt,613cbe1093c64dc5f52b228dc330bc2b624e75e132ad7d5643e3f9f2e4cb27dd,,legacy,,adapted,9624.0,2.0,,2048,legacy_replay,eager,legacy_vision_s9624_K2048_a2_e4_raw_eager,4,raw,1.3868272460581037,0.6573,eager,10000,,,4.0,test,/root/snn_revision_round2/models/formal/s9624_T2_lr2e-05/step2048.pt,1.0,vision_s9624_K2048_a2_e4_raw_eager
vision,/root/snn_revision_round2/models/formal/s9624_T4_lr5e-06/step2048.pt,ad920c2daeecad9d4cbadeea51449a7c6acb768602ae57a2a5a8e449f04b9b2e,,legacy,,adapted,9624.0,4.0,,2048,legacy_replay,eager,legacy_vision_s9624_K2048_a4_e2_raw_eager,2,raw,1.6446588348128368,0.6184,eager,10000,,,4.0,test,/root/snn_revision_round2/models/formal/s9624_T4_lr5e-06/step2048.pt,1.0,vision_s9624_K2048_a4_e2_raw_eager
vision,/root/snn_revision_round2/models/formal/s9624_T4_lr5e-06/step2048.pt,ad920c2daeecad9d4cbadeea51449a7c6acb768602ae57a2a5a8e449f04b9b2e,,legacy,,adapted,9624.0,4.0,,2048,legacy_replay,eager,legacy_vision_s9624_K2048_a4_e4_raw_eager,4,raw,1.3880257667535683,0.6674,eager,10000,,,4.0,test,/root/snn_revision_round2/models/formal/s9624_T4_lr5e-06/step2048.pt,1.0,vision_s9624_K2048_a4_e4_raw_eager
vision,/root/snn_revision_round2/models/formal/s9625_T2_lr2e-05/step2048.pt,ff5a2cbca7c19609a909a781f4fa03dd8ea58e977c9207f3ed4bf1cc5d54797a,,legacy,,adapted,9625.0,2.0,,2048,legacy_replay,eager,legacy_vision_s9625_K2048_a2_e2_raw_eager,2,raw,1.468060103176767,0.6457,eager,10000,,,4.0,test,/root/snn_revision_round2/models/formal/s9625_T2_lr2e-05/step2048.pt,0.0,vision_s9625_K2048_a2_e2_raw_eager
vision,/root/snn_revision_round2/models/formal/s9625_T2_lr2e-05/step2048.pt,ff5a2cbca7c19609a909a781f4fa03dd8ea58e977c9207f3ed4bf1cc5d54797a,,legacy,,adapted,9625.0,2.0,,2048,legacy_replay,eager,legacy_vision_s9625_K2048_a2_e4_raw_eager,4,raw,1.383928854723682,0.6529,eager,10000,,,4.0,test,/root/snn_revision_round2/models/formal/s9625_T2_lr2e-05/step2048.pt,0.0,vision_s9625_K2048_a2_e4_raw_eager
vision,/root/snn_revision_round2/models/formal/s9625_T4_lr5e-06/step2048.pt,af72da21ec29264dd096e7c2896a47380d6cc3d5fe893ec088d198ef8dd6f44e,,legacy,,adapted,9625.0,4.0,,2048,legacy_replay,eager,legacy_vision_s9625_K2048_a4_e2_raw_eager,2,raw,1.6445423171676696,0.6158,eager,10000,,,4.0,test,/root/snn_revision_round2/models/formal/s9625_T4_lr5e-06/step2048.pt,0.0,vision_s9625_K2048_a4_e2_raw_eager
vision,/root/snn_revision_round2/models/formal/s9625_T4_lr5e-06/step2048.pt,af72da21ec29264dd096e7c2896a47380d6cc3d5fe893ec088d198ef8dd6f44e,,legacy,,adapted,9625.0,4.0,,2048,legacy_replay,eager,legacy_vision_s9625_K2048_a4_e4_raw_eager,4,raw,1.3925102420259965,0.6649,eager,10000,,,4.0,test,/root/snn_revision_round2/models/formal/s9625_T4_lr5e-06/step2048.pt,0.0,vision_s9625_K2048_a4_e4_raw_eager
vision,/root/autodl-tmp/snn0907/direction1_budget_rotation_20260907/results/reconstructed_identity_p0.0/best.pt,3d453ec2677252d88eccd90e665e492c03082209b9584dc2649757f84b5eba63,,legacy,,shared_initial,,,,0,legacy_replay,eager,legacy_vision_initial_e2_bn_only_eager,2,bn_only,1.564602941122558,0.6312,eager,10000,2.0,9640.0,4.0,test,/root/autodl-tmp/snn0907/direction1_budget_rotation_20260907/results/reconstructed_identity_p0.0/best.pt,1.0,vision_initial_e2_bn_only_eager
vision,/root/autodl-tmp/snn0907/direction1_budget_rotation_20260907/results/reconstructed_identity_p0.0/best.pt,3d453ec2677252d88eccd90e665e492c03082209b9584dc2649757f84b5eba63,,legacy,,shared_initial,,,,0,legacy_replay,eager,legacy_vision_initial_e4_bn_only_eager,4,bn_only,1.3181072585443967,0.6674,eager,10000,4.0,9640.0,4.0,test,/root/autodl-tmp/snn0907/direction1_budget_rotation_20260907/results/reconstructed_identity_p0.0/best.pt,1.0,vision_initial_e4_bn_only_eager
vision,/root/snn_revision_round2/models/formal/s9621_T2_lr2e-05/step512.pt,0f9f95f5ce14dbc2c462a290f0a55a9e9aa733dbade7678458200a886c4369a4,,legacy,,adapted,9621.0,2.0,,512,legacy_replay,eager,legacy_vision_s9621_K512_a2_e2_bn_only_eager,2,bn_only,1.4232629515374895,0.6365,eager,10000,2.0,9640.0,4.0,test,/root/snn_revision_round2/models/formal/s9621_T2_lr2e-05/step512.pt,0.0,vision_s9621_K512_a2_e2_bn_only_eager
vision,/root/snn_revision_round2/models/formal/s9621_T2_lr2e-05/step512.pt,0f9f95f5ce14dbc2c462a290f0a55a9e9aa733dbade7678458200a886c4369a4,,legacy,,adapted,9621.0,2.0,,512,legacy_replay,eager,legacy_vision_s9621_K512_a2_e4_bn_only_eager,4,bn_only,1.2820166255625867,0.6617,eager,10000,4.0,9640.0,4.0,test,/root/snn_revision_round2/models/formal/s9621_T2_lr2e-05/step512.pt,0.0,vision_s9621_K512_a2_e4_bn_only_eager
vision,/root/snn_revision_round2/models/formal/s9621_T4_lr5e-06/step512.pt,5ed390a7653a1ba84acb84df5ae6ebc09430b0ba2c14374172ae4802de2bf00a,,legacy,,adapted,9621.0,4.0,,512,legacy_replay,eager,legacy_vision_s9621_K512_a4_e2_bn_only_eager,2,bn_only,1.57443007298545,0.6295,eager,10000,2.0,9640.0,4.0,test,/root/snn_revision_round2/models/formal/s9621_T4_lr5e-06/step512.pt,0.0,vision_s9621_K512_a4_e2_bn_only_eager
vision,/root/snn_revision_round2/models/formal/s9621_T4_lr5e-06/step512.pt,5ed390a7653a1ba84acb84df5ae6ebc09430b0ba2c14374172ae4802de2bf00a,,legacy,,adapted,9621.0,4.0,,512,legacy_replay,eager,legacy_vision_s9621_K512_a4_e4_bn_only_eager,4,bn_only,1.3139925500481622,0.6682,eager,10000,4.0,9640.0,4.0,test,/root/snn_revision_round2/models/formal/s9621_T4_lr5e-06/step512.pt,0.0,vision_s9621_K512_a4_e4_bn_only_eager
vision,/root/snn_revision_round2/models/formal/s9622_T2_lr2e-05/step512.pt,dfd002f5b8f2dda6231648715bf1d1d6457f30627a198856b632890208667a5a,,legacy,,adapted,9622.0,2.0,,512,legacy_replay,eager,legacy_vision_s9622_K512_a2_e2_bn_only_eager,2,bn_only,1.424775271091261,0.6455,eager,10000,2.0,9640.0,4.0,test,/root/snn_revision_round2/models/formal/s9622_T2_lr2e-05/step512.pt,1.0,vision_s9622_K512_a2_e2_bn_only_eager
vision,/root/snn_revision_round2/models/formal/s9622_T2_lr2e-05/step512.pt,dfd002f5b8f2dda6231648715bf1d1d6457f30627a198856b632890208667a5a,,legacy,,adapted,9622.0,2.0,,512,legacy_replay,eager,legacy_vision_s9622_K512_a2_e4_bn_only_eager,4,bn_only,1.2899602240568027,0.6625,eager,10000,4.0,9640.0,4.0,test,/root/snn_revision_round2/models/formal/s9622_T2_lr2e-05/step512.pt,1.0,vision_s9622_K512_a2_e4_bn_only_eager
vision,/root/snn_revision_round2/models/formal/s9622_T4_lr5e-06/step512.pt,f6c0ed8d4278e7fd2ddc8463b5d6217025eacfba57e8d66ceade4bca481244c3,,legacy,,adapted,9622.0,4.0,,512,legacy_replay,eager,legacy_vision_s9622_K512_a4_e2_bn_only_eager,2,bn_only,1.581154286462115,0.6274,eager,10000,2.0,9640.0,4.0,test,/root/snn_revision_round2/models/formal/s9622_T4_lr5e-06/step512.pt,1.0,vision_s9622_K512_a4_e2_bn_only_eager
vision,/root/snn_revision_round2/models/formal/s9622_T4_lr5e-06/step512.pt,f6c0ed8d4278e7fd2ddc8463b5d6217025eacfba57e8d66ceade4bca481244c3,,legacy,,adapted,9622.0,4.0,,512,legacy_replay,eager,legacy_vision_s9622_K512_a4_e4_bn_only_eager,4,bn_only,1.3242256378908408,0.6699,eager,10000,4.0,9640.0,4.0,test,/root/snn_revision_round2/models/formal/s9622_T4_lr5e-06/step512.pt,1.0,vision_s9622_K512_a4_e4_bn_only_eager
vision,/root/snn_revision_round2/models/formal/s9623_T2_lr2e-05/step512.pt,660ed86374ad457d66995b5a7f851ce5df1a7359c8ed6ca6ea4b5f6a2e34cf12,,legacy,,adapted,9623.0,2.0,,512,legacy_replay,eager,legacy_vision_s9623_K512_a2_e2_bn_only_eager,2,bn_only,1.437393335924158,0.642,eager,10000,2.0,9640.0,4.0,test,/root/snn_revision_round2/models/formal/s9623_T2_lr2e-05/step512.pt,0.0,vision_s9623_K512_a2_e2_bn_only_eager
vision,/root/snn_revision_round2/models/formal/s9623_T2_lr2e-05/step512.pt,660ed86374ad457d66995b5a7f851ce5df1a7359c8ed6ca6ea4b5f6a2e34cf12,,legacy,,adapted,9623.0,2.0,,512,legacy_replay,eager,legacy_vision_s9623_K512_a2_e4_bn_only_eager,4,bn_only,1.2948072039574325,0.6645,eager,10000,4.0,9640.0,4.0,test,/root/snn_revision_round2/models/formal/s9623_T2_lr2e-05/step512.pt,0.0,vision_s9623_K512_a2_e4_bn_only_eager
vision,/root/snn_revision_round2/models/formal/s9623_T4_lr5e-06/step512.pt,fe9255f79dbe2d2b1d9b4c5eeb0a1bc6cf4acd79ffda3cbe3b64a91a4fc4eaf7,,legacy,,adapted,9623.0,4.0,,512,legacy_replay,eager,legacy_vision_s9623_K512_a4_e2_bn_only_eager,2,bn_only,1.583280052037118,0.6311,eager,10000,2.0,9640.0,4.0,test,/root/snn_revision_round2/models/formal/s9623_T4_lr5e-06/step512.pt,0.0,vision_s9623_K512_a4_e2_bn_only_eager
vision,/root/snn_revision_round2/models/formal/s9623_T4_lr5e-06/step512.pt,fe9255f79dbe2d2b1d9b4c5eeb0a1bc6cf4acd79ffda3cbe3b64a91a4fc4eaf7,,legacy,,adapted,9623.0,4.0,,512,legacy_replay,eager,legacy_vision_s9623_K512_a4_e4_bn_only_eager,4,bn_only,1.3193076561662833,0.6717,eager,10000,4.0,9640.0,4.0,test,/root/snn_revision_round2/models/formal/s9623_T4_lr5e-06/step512.pt,0.0,vision_s9623_K512_a4_e4_bn_only_eager
vision,/root/snn_revision_round2/models/formal/s9624_T2_lr2e-05/step512.pt,04134b877ad51726ffe47009691e4f47196b744873e645fe553ee6337a0a0693,,legacy,,adapted,9624.0,2.0,,512,legacy_replay,eager,legacy_vision_s9624_K512_a2_e2_bn_only_eager,2,bn_only,1.4247358407018589,0.6463,eager,10000,2.0,9640.0,4.0,test,/root/snn_revision_round2/models/formal/s9624_T2_lr2e-05/step512.pt,1.0,vision_s9624_K512_a2_e2_bn_only_eager
vision,/root/snn_revision_round2/models/formal/s9624_T2_lr2e-05/step512.pt,04134b877ad51726ffe47009691e4f47196b744873e645fe553ee6337a0a0693,,legacy,,adapted,9624.0,2.0,,512,legacy_replay,eager,legacy_vision_s9624_K512_a2_e4_bn_only_eager,4,bn_only,1.2845386049879248,0.6624,eager,10000,4.0,9640.0,4.0,test,/root/snn_revision_round2/models/formal/s9624_T2_lr2e-05/step512.pt,1.0,vision_s9624_K512_a2_e4_bn_only_eager
vision,/root/snn_revision_round2/models/formal/s9624_T4_lr5e-06/step512.pt,0676efc02c5e0f99598dd0ca3a1c3f6d6c9136d831955bac05a52899023b8733,,legacy,,adapted,9624.0,4.0,,512,legacy_replay,eager,legacy_vision_s9624_K512_a4_e2_bn_only_eager,2,bn_only,1.5841510763454716,0.6303,eager,10000,2.0,9640.0,4.0,test,/root/snn_revision_round2/models/formal/s9624_T4_lr5e-06/step512.pt,1.0,vision_s9624_K512_a4_e2_bn_only_eager
vision,/root/snn_revision_round2/models/formal/s9624_T4_lr5e-06/step512.pt,0676efc02c5e0f99598dd0ca3a1c3f6d6c9136d831955bac05a52899023b8733,,legacy,,adapted,9624.0,4.0,,512,legacy_replay,eager,legacy_vision_s9624_K512_a4_e4_bn_only_eager,4,bn_only,1.3192059757559327,0.6711,eager,10000,4.0,9640.0,4.0,test,/root/snn_revision_round2/models/formal/s9624_T4_lr5e-06/step512.pt,1.0,vision_s9624_K512_a4_e4_bn_only_eager
vision,/root/snn_revision_round2/models/formal/s9625_T2_lr2e-05/step512.pt,0a7ab59d6b90e42a5c64995f5d85e85a0f7efc691b9cf429f8be9143dcd4cfcc,,legacy,,adapted,9625.0,2.0,,512,legacy_replay,eager,legacy_vision_s9625_K512_a2_e2_bn_only_eager,2,bn_only,1.435076649113465,0.6382,eager,10000,2.0,9640.0,4.0,test,/root/snn_revision_round2/models/formal/s9625_T2_lr2e-05/step512.pt,0.0,vision_s9625_K512_a2_e2_bn_only_eager
vision,/root/snn_revision_round2/models/formal/s9625_T2_lr2e-05/step512.pt,0a7ab59d6b90e42a5c64995f5d85e85a0f7efc691b9cf429f8be9143dcd4cfcc,,legacy,,adapted,9625.0,2.0,,512,legacy_replay,eager,legacy_vision_s9625_K512_a2_e4_bn_only_eager,4,bn_only,1.2913512207362656,0.663,eager,10000,4.0,9640.0,4.0,test,/root/snn_revision_round2/models/formal/s9625_T2_lr2e-05/step512.pt,0.0,vision_s9625_K512_a2_e4_bn_only_eager
vision,/root/snn_revision_round2/models/formal/s9625_T4_lr5e-06/step512.pt,c9f95d95f8da6b407d660deabc89145e205157f9294b611da942db6f50c83c47,,legacy,,adapted,9625.0,4.0,,512,legacy_replay,eager,legacy_vision_s9625_K512_a4_e2_bn_only_eager,2,bn_only,1.5796743129638489,0.6299,eager,10000,2.0,9640.0,4.0,test,/root/snn_revision_round2/models/formal/s9625_T4_lr5e-06/step512.pt,0.0,vision_s9625_K512_a4_e2_bn_only_eager
vision,/root/snn_revision_round2/models/formal/s9625_T4_lr5e-06/step512.pt,c9f95d95f8da6b407d660deabc89145e205157f9294b611da942db6f50c83c47,,legacy,,adapted,9625.0,4.0,,512,legacy_replay,eager,legacy_vision_s9625_K512_a4_e4_bn_only_eager,4,bn_only,1.3240025515366463,0.6729,eager,10000,4.0,9640.0,4.0,test,/root/snn_revision_round2/models/formal/s9625_T4_lr5e-06/step512.pt,0.0,vision_s9625_K512_a4_e4_bn_only_eager
vision,/root/snn_revision_round2/models/formal/s9621_T2_lr2e-05/step2048.pt,75a7ce389b4ddd2609c9d5117f89114a6f9c8a32fd468f99aa49221673180f32,,legacy,,adapted,9621.0,2.0,,2048,legacy_replay,eager,legacy_vision_s9621_K2048_a2_e2_bn_only_eager,2,bn_only,1.4004521310169715,0.6523,eager,10000,2.0,9640.0,4.0,test,/root/snn_revision_round2/models/formal/s9621_T2_lr2e-05/step2048.pt,0.0,vision_s9621_K2048_a2_e2_bn_only_eager
vision,/root/snn_revision_round2/models/formal/s9621_T2_lr2e-05/step2048.pt,75a7ce389b4ddd2609c9d5117f89114a6f9c8a32fd468f99aa49221673180f32,,legacy,,adapted,9621.0,2.0,,2048,legacy_replay,eager,legacy_vision_s9621_K2048_a2_e4_bn_only_eager,4,bn_only,1.2958257535823359,0.6615,eager,10000,4.0,9640.0,4.0,test,/root/snn_revision_round2/models/formal/s9621_T2_lr2e-05/step2048.pt,0.0,vision_s9621_K2048_a2_e4_bn_only_eager
vision,/root/snn_revision_round2/models/formal/s9621_T4_lr5e-06/step2048.pt,13035dc9a9631a424cb1eef9cfe9426fb42299b3d038295ece3b4d0baad36527,,legacy,,adapted,9621.0,4.0,,2048,legacy_replay,eager,legacy_vision_s9621_K2048_a4_e2_bn_only_eager,2,bn_only,1.5756833919894415,0.6307,eager,10000,2.0,9640.0,4.0,test,/root/snn_revision_round2/models/formal/s9621_T4_lr5e-06/step2048.pt,0.0,vision_s9621_K2048_a4_e2_bn_only_eager
vision,/root/snn_revision_round2/models/formal/s9621_T4_lr5e-06/step2048.pt,13035dc9a9631a424cb1eef9cfe9426fb42299b3d038295ece3b4d0baad36527,,legacy,,adapted,9621.0,4.0,,2048,legacy_replay,eager,legacy_vision_s9621_K2048_a4_e4_bn_only_eager,4,bn_only,1.311046813272452,0.6723,eager,10000,4.0,9640.0,4.0,test,/root/snn_revision_round2/models/formal/s9621_T4_lr5e-06/step2048.pt,0.0,vision_s9621_K2048_a4_e4_bn_only_eager
vision,/root/snn_revision_round2/models/formal/s9622_T2_lr2e-05/step2048.pt,3c212ae3ec395f36551d02dc03aa821132cf02c6696c90ad42fd14e8f0db8270,,legacy,,adapted,9622.0,2.0,,2048,legacy_replay,eager,legacy_vision_s9622_K2048_a2_e2_bn_only_eager,2,bn_only,1.396372302592243,0.648,eager,10000,2.0,9640.0,4.0,test,/root/snn_revision_round2/models/formal/s9622_T2_lr2e-05/step2048.pt,1.0,vision_s9622_K2048_a2_e2_bn_only_eager
vision,/root/snn_revision_round2/models/formal/s9622_T2_lr2e-05/step2048.pt,3c212ae3ec395f36551d02dc03aa821132cf02c6696c90ad42fd14e8f0db8270,,legacy,,adapted,9622.0,2.0,,2048,legacy_replay,eager,legacy_vision_s9622_K2048_a2_e4_bn_only_eager,4,bn_only,1.2937076057181927,0.6633,eager,10000,4.0,9640.0,4.0,test,/root/snn_revision_round2/models/formal/s9622_T2_lr2e-05/step2048.pt,1.0,vision_s9622_K2048_a2_e4_bn_only_eager
vision,/root/snn_revision_round2/models/formal/s9622_T4_lr5e-06/step2048.pt,42197ebc13950b079adbee182104fc8341b00672b1d1ef69200e0242be26e14f,,legacy,,adapted,9622.0,4.0,,2048,legacy_replay,eager,legacy_vision_s9622_K2048_a4_e2_bn_only_eager,2,bn_only,1.5741970986947882,0.6311,eager,10000,2.0,9640.0,4.0,test,/root/snn_revision_round2/models/formal/s9622_T4_lr5e-06/step2048.pt,1.0,vision_s9622_K2048_a4_e2_bn_only_eager
vision,/root/snn_revision_round2/models/formal/s9622_T4_lr5e-06/step2048.pt,42197ebc13950b079adbee182104fc8341b00672b1d1ef69200e0242be26e14f,,legacy,,adapted,9622.0,4.0,,2048,legacy_replay,eager,legacy_vision_s9622_K2048_a4_e4_bn_only_eager,4,bn_only,1.3115772753964876,0.6735,eager,10000,4.0,9640.0,4.0,test,/root/snn_revision_round2/models/formal/s9622_T4_lr5e-06/step2048.pt,1.0,vision_s9622_K2048_a4_e4_bn_only_eager
vision,/root/snn_revision_round2/models/formal/s9623_T2_lr2e-05/step2048.pt,78cd1edc31782f39e965369c6017506619cc56fb0b9ace4c0b0cdbe534559586,,legacy,,adapted,9623.0,2.0,,2048,legacy_replay,eager,legacy_vision_s9623_K2048_a2_e2_bn_only_eager,2,bn_only,1.3949045624106773,0.6502,eager,10000,2.0,9640.0,4.0,test,/root/snn_revision_round2/models/formal/s9623_T2_lr2e-05/step2048.pt,0.0,vision_s9623_K2048_a2_e2_bn_only_eager
vision,/root/snn_revision_round2/models/formal/s9623_T2_lr2e-05/step2048.pt,78cd1edc31782f39e965369c6017506619cc56fb0b9ace4c0b0cdbe534559586,,legacy,,adapted,9623.0,2.0,,2048,legacy_replay,eager,legacy_vision_s9623_K2048_a2_e4_bn_only_eager,4,bn_only,1.2854944712957614,0.6686,eager,10000,4.0,9640.0,4.0,test,/root/snn_revision_round2/models/formal/s9623_T2_lr2e-05/step2048.pt,0.0,vision_s9623_K2048_a2_e4_bn_only_eager
vision,/root/snn_revision_round2/models/formal/s9623_T4_lr5e-06/step2048.pt,57dc62ddba1d59eac9f1ccff4af606187a7987bf1a23836b1b93e00097ecfbad,,legacy,,adapted,9623.0,4.0,,2048,legacy_replay,eager,legacy_vision_s9623_K2048_a4_e2_bn_only_eager,2,bn_only,1.5715103355333908,0.6316,eager,10000,2.0,9640.0,4.0,test,/root/snn_revision_round2/models/formal/s9623_T4_lr5e-06/step2048.pt,0.0,vision_s9623_K2048_a4_e2_bn_only_eager
vision,/root/snn_revision_round2/models/formal/s9623_T4_lr5e-06/step2048.pt,57dc62ddba1d59eac9f1ccff4af606187a7987bf1a23836b1b93e00097ecfbad,,legacy,,adapted,9623.0,4.0,,2048,legacy_replay,eager,legacy_vision_s9623_K2048_a4_e4_bn_only_eager,4,bn_only,1.3134930862146197,0.6694,eager,10000,4.0,9640.0,4.0,test,/root/snn_revision_round2/models/formal/s9623_T4_lr5e-06/step2048.pt,0.0,vision_s9623_K2048_a4_e4_bn_only_eager
vision,/root/snn_revision_round2/models/formal/s9624_T2_lr2e-05/step2048.pt,613cbe1093c64dc5f52b228dc330bc2b624e75e132ad7d5643e3f9f2e4cb27dd,,legacy,,adapted,9624.0,2.0,,2048,legacy_replay,eager,legacy_vision_s9624_K2048_a2_e2_bn_only_eager,2,bn_only,1.3929735773728578,0.6503,eager,10000,2.0,9640.0,4.0,test,/root/snn_revision_round2/models/formal/s9624_T2_lr2e-05/step2048.pt,1.0,vision_s9624_K2048_a2_e2_bn_only_eager
vision,/root/snn_revision_round2/models/formal/s9624_T2_lr2e-05/step2048.pt,613cbe1093c64dc5f52b228dc330bc2b624e75e132ad7d5643e3f9f2e4cb27dd,,legacy,,adapted,9624.0,2.0,,2048,legacy_replay,eager,legacy_vision_s9624_K2048_a2_e4_bn_only_eager,4,bn_only,1.2906289614038076,0.6632,eager,10000,4.0,9640.0,4.0,test,/root/snn_revision_round2/models/formal/s9624_T2_lr2e-05/step2048.pt,1.0,vision_s9624_K2048_a2_e4_bn_only_eager
vision,/root/snn_revision_round2/models/formal/s9624_T4_lr5e-06/step2048.pt,ad920c2daeecad9d4cbadeea51449a7c6acb768602ae57a2a5a8e449f04b9b2e,,legacy,,adapted,9624.0,4.0,,2048,legacy_replay,eager,legacy_vision_s9624_K2048_a4_e2_bn_only_eager,2,bn_only,1.5746220969269984,0.6331,eager,10000,2.0,9640.0,4.0,test,/root/snn_revision_round2/models/formal/s9624_T4_lr5e-06/step2048.pt,1.0,vision_s9624_K2048_a4_e2_bn_only_eager
vision,/root/snn_revision_round2/models/formal/s9624_T4_lr5e-06/step2048.pt,ad920c2daeecad9d4cbadeea51449a7c6acb768602ae57a2a5a8e449f04b9b2e,,legacy,,adapted,9624.0,4.0,,2048,legacy_replay,eager,legacy_vision_s9624_K2048_a4_e4_bn_only_eager,4,bn_only,1.3089918877962743,0.6678,eager,10000,4.0,9640.0,4.0,test,/root/snn_revision_round2/models/formal/s9624_T4_lr5e-06/step2048.pt,1.0,vision_s9624_K2048_a4_e4_bn_only_eager
vision,/root/snn_revision_round2/models/formal/s9625_T2_lr2e-05/step2048.pt,ff5a2cbca7c19609a909a781f4fa03dd8ea58e977c9207f3ed4bf1cc5d54797a,,legacy,,adapted,9625.0,2.0,,2048,legacy_replay,eager,legacy_vision_s9625_K2048_a2_e2_bn_only_eager,2,bn_only,1.3925528575801407,0.6479,eager,10000,2.0,9640.0,4.0,test,/root/snn_revision_round2/models/formal/s9625_T2_lr2e-05/step2048.pt,0.0,vision_s9625_K2048_a2_e2_bn_only_eager
vision,/root/snn_revision_round2/models/formal/s9625_T2_lr2e-05/step2048.pt,ff5a2cbca7c19609a909a781f4fa03dd8ea58e977c9207f3ed4bf1cc5d54797a,,legacy,,adapted,9625.0,2.0,,2048,legacy_replay,eager,legacy_vision_s9625_K2048_a2_e4_bn_only_eager,4,bn_only,1.2925156485421816,0.6623,eager,10000,4.0,9640.0,4.0,test,/root/snn_revision_round2/models/formal/s9625_T2_lr2e-05/step2048.pt,0.0,vision_s9625_K2048_a2_e4_bn_only_eager
vision,/root/snn_revision_round2/models/formal/s9625_T4_lr5e-06/step2048.pt,af72da21ec29264dd096e7c2896a47380d6cc3d5fe893ec088d198ef8dd6f44e,,legacy,,adapted,9625.0,4.0,,2048,legacy_replay,eager,legacy_vision_s9625_K2048_a4_e2_bn_only_eager,2,bn_only,1.5746517896760255,0.6306,eager,10000,2.0,9640.0,4.0,test,/root/snn_revision_round2/models/formal/s9625_T4_lr5e-06/step2048.pt,0.0,vision_s9625_K2048_a4_e2_bn_only_eager
vision,/root/snn_revision_round2/models/formal/s9625_T4_lr5e-06/step2048.pt,af72da21ec29264dd096e7c2896a47380d6cc3d5fe893ec088d198ef8dd6f44e,,legacy,,adapted,9625.0,4.0,,2048,legacy_replay,eager,legacy_vision_s9625_K2048_a4_e4_bn_only_eager,4,bn_only,1.3166161099024116,0.6687,eager,10000,4.0,9640.0,4.0,test,/root/snn_revision_round2/models/formal/s9625_T4_lr5e-06/step2048.pt,0.0,vision_s9625_K2048_a4_e4_bn_only_eager
vision,/root/snn_revision_round2/models/formal/s9621_T2_lr2e-05/step2048.pt,75a7ce389b4ddd2609c9d5117f89114a6f9c8a32fd468f99aa49221673180f32,,legacy,,adapted,9621.0,2.0,,2048,legacy_replay,graph,legacy_vision_s9621_K2048_a2_e2_raw_graph,2,raw,1.492219903026009,0.6395,graph,10000,,,4.0,test,/root/snn_revision_round2/models/formal/s9621_T2_lr2e-05/step2048.pt,0.0,vision_s9621_K2048_a2_e2_raw_graph
vision,/root/snn_revision_round2/models/formal/s9621_T4_lr5e-06/step2048.pt,13035dc9a9631a424cb1eef9cfe9426fb42299b3d038295ece3b4d0baad36527,,legacy,,adapted,9621.0,4.0,,2048,legacy_replay,graph,legacy_vision_s9621_K2048_a4_e4_raw_graph,4,raw,1.4057374583509983,0.6668,graph,10000,,,4.0,test,/root/snn_revision_round2/models/formal/s9621_T4_lr5e-06/step2048.pt,0.0,vision_s9621_K2048_a4_e4_raw_graph
vision,/root/snn_revision_round2/models/formal/s9622_T2_lr2e-05/step2048.pt,3c212ae3ec395f36551d02dc03aa821132cf02c6696c90ad42fd14e8f0db8270,,legacy,,adapted,9622.0,2.0,,2048,legacy_replay,graph,legacy_vision_s9622_K2048_a2_e2_raw_graph,2,raw,1.4892826544771902,0.6395,graph,10000,,,4.0,test,/root/snn_revision_round2/models/formal/s9622_T2_lr2e-05/step2048.pt,1.0,vision_s9622_K2048_a2_e2_raw_graph
vision,/root/snn_revision_round2/models/formal/s9622_T4_lr5e-06/step2048.pt,42197ebc13950b079adbee182104fc8341b00672b1d1ef69200e0242be26e14f,,legacy,,adapted,9622.0,4.0,,2048,legacy_replay,graph,legacy_vision_s9622_K2048_a4_e4_raw_graph,4,raw,1.4159686972524272,0.6626,graph,10000,,,4.0,test,/root/snn_revision_round2/models/formal/s9622_T4_lr5e-06/step2048.pt,1.0,vision_s9622_K2048_a4_e4_raw_graph
vision,/root/snn_revision_round2/models/formal/s9623_T2_lr2e-05/step2048.pt,78cd1edc31782f39e965369c6017506619cc56fb0b9ace4c0b0cdbe534559586,,legacy,,adapted,9623.0,2.0,,2048,legacy_replay,graph,legacy_vision_s9623_K2048_a2_e2_raw_graph,2,raw,1.447917831734917,0.6476,graph,10000,,,4.0,test,/root/snn_revision_round2/models/formal/s9623_T2_lr2e-05/step2048.pt,0.0,vision_s9623_K2048_a2_e2_raw_graph
vision,/root/snn_revision_round2/models/formal/s9623_T4_lr5e-06/step2048.pt,57dc62ddba1d59eac9f1ccff4af606187a7987bf1a23836b1b93e00097ecfbad,,legacy,,adapted,9623.0,4.0,,2048,legacy_replay,graph,legacy_vision_s9623_K2048_a4_e4_raw_graph,4,raw,1.3684727228290634,0.6693,graph,10000,,,4.0,test,/root/snn_revision_round2/models/formal/s9623_T4_lr5e-06/step2048.pt,0.0,vision_s9623_K2048_a4_e4_raw_graph
vision,/root/snn_revision_round2/models/formal/s9624_T2_lr2e-05/step2048.pt,613cbe1093c64dc5f52b228dc330bc2b624e75e132ad7d5643e3f9f2e4cb27dd,,legacy,,adapted,9624.0,2.0,,2048,legacy_replay,graph,legacy_vision_s9624_K2048_a2_e2_raw_graph,2,raw,1.4655892902006162,0.6468,graph,10000,,,4.0,test,/root/snn_revision_round2/models/formal/s9624_T2_lr2e-05/step2048.pt,1.0,vision_s9624_K2048_a2_e2_raw_graph
vision,/root/snn_revision_round2/models/formal/s9624_T4_lr5e-06/step2048.pt,ad920c2daeecad9d4cbadeea51449a7c6acb768602ae57a2a5a8e449f04b9b2e,,legacy,,adapted,9624.0,4.0,,2048,legacy_replay,graph,legacy_vision_s9624_K2048_a4_e4_raw_graph,4,raw,1.3880257667535683,0.6674,graph,10000,,,4.0,test,/root/snn_revision_round2/models/formal/s9624_T4_lr5e-06/step2048.pt,1.0,vision_s9624_K2048_a4_e4_raw_graph
vision,/root/snn_revision_round2/models/formal/s9625_T2_lr2e-05/step2048.pt,ff5a2cbca7c19609a909a781f4fa03dd8ea58e977c9207f3ed4bf1cc5d54797a,,legacy,,adapted,9625.0,2.0,,2048,legacy_replay,graph,legacy_vision_s9625_K2048_a2_e2_raw_graph,2,raw,1.468060103176767,0.6457,graph,10000,,,4.0,test,/root/snn_revision_round2/models/formal/s9625_T2_lr2e-05/step2048.pt,0.0,vision_s9625_K2048_a2_e2_raw_graph
vision,/root/snn_revision_round2/models/formal/s9625_T4_lr5e-06/step2048.pt,af72da21ec29264dd096e7c2896a47380d6cc3d5fe893ec088d198ef8dd6f44e,,legacy,,adapted,9625.0,4.0,,2048,legacy_replay,graph,legacy_vision_s9625_K2048_a4_e4_raw_graph,4,raw,1.3925102420259965,0.6649,graph,10000,,,4.0,test,/root/snn_revision_round2/models/formal/s9625_T4_lr5e-06/step2048.pt,0.0,vision_s9625_K2048_a4_e4_raw_graph
